episode,adversary_0,adversary_1,adversary_2,agent_0
0,20.0,20.0,20.0,0
1,20.0,20.0,20.0,0
2,50.0,50.0,50.0,0
3,0.0,0.0,0.0,0
4,0.0,0.0,0.0,0
5,30.0,30.0,30.0,0
6,0.0,0.0,0.0,0
7,0.0,0.0,0.0,0
8,30.0,30.0,30.0,0
9,0.0,0.0,0.0,0
10,0.0,0.0,0.0,0
11,0.0,0.0,0.0,0
12,0.0,0.0,0.0,0
13,30.0,30.0,30.0,0
14,0.0,0.0,0.0,0
15,0.0,0.0,0.0,0
16,0.0,0.0,0.0,0
17,0.0,0.0,0.0,0
18,20.0,20.0,20.0,0
19,30.0,30.0,30.0,0
20,40.0,40.0,40.0,0
21,0.0,0.0,0.0,0
22,0.0,0.0,0.0,0
23,0.0,0.0,0.0,0
24,0.0,0.0,0.0,0
25,0.0,0.0,0.0,0
26,0.0,0.0,0.0,0
27,30.0,30.0,30.0,0
28,0.0,0.0,0.0,0
29,0.0,0.0,0.0,0
30,0.0,0.0,0.0,0
31,20.0,20.0,20.0,0
32,0.0,0.0,0.0,0
33,40.0,40.0,40.0,0
34,20.0,20.0,20.0,0
35,0.0,0.0,0.0,0
36,0.0,0.0,0.0,0
37,0.0,0.0,0.0,0
38,30.0,30.0,30.0,0
39,50.0,50.0,50.0,0
40,0.0,0.0,0.0,0
41,20.0,20.0,20.0,0
42,0.0,0.0,0.0,0
43,30.0,30.0,30.0,0
44,0.0,0.0,0.0,0
45,30.0,30.0,30.0,0
46,10.0,10.0,10.0,0
47,0.0,0.0,0.0,0
48,20.0,20.0,20.0,0
49,30.0,30.0,30.0,0
50,30.0,30.0,30.0,0
51,0.0,0.0,0.0,0
52,20.0,20.0,20.0,0
53,0.0,0.0,0.0,0
54,60.0,60.0,60.0,0
55,0.0,0.0,0.0,0
56,30.0,30.0,30.0,0
57,0.0,0.0,0.0,0
58,0.0,0.0,0.0,0
59,0.0,0.0,0.0,0
60,70.0,70.0,70.0,0
61,0.0,0.0,0.0,0
62,0.0,0.0,0.0,0
63,20.0,20.0,20.0,0
64,0.0,0.0,0.0,0
65,0.0,0.0,0.0,0
66,0.0,0.0,0.0,0
67,0.0,0.0,0.0,0
68,0.0,0.0,0.0,0
69,0.0,0.0,0.0,0
70,0.0,0.0,0.0,0
71,70.0,70.0,70.0,0
72,0.0,0.0,0.0,0
73,0.0,0.0,0.0,0
74,0.0,0.0,0.0,0
75,0.0,0.0,0.0,0
76,0.0,0.0,0.0,0
77,0.0,0.0,0.0,0
78,30.0,30.0,30.0,0
79,0.0,0.0,0.0,0
80,0.0,0.0,0.0,0
81,0.0,0.0,0.0,0
82,0.0,0.0,0.0,0
83,0.0,0.0,0.0,0
84,0.0,0.0,0.0,0
85,10.0,10.0,10.0,0
86,0.0,0.0,0.0,0
87,0.0,0.0,0.0,0
88,30.0,30.0,30.0,0
89,20.0,20.0,20.0,0
90,0.0,0.0,0.0,0
91,30.0,30.0,30.0,0
92,0.0,0.0,0.0,0
93,0.0,0.0,0.0,0
94,30.0,30.0,30.0,0
95,0.0,0.0,0.0,0
96,10.0,10.0,10.0,0
97,0.0,0.0,0.0,0
98,0.0,0.0,0.0,0
99,0.0,0.0,0.0,0
100,30.0,30.0,30.0,0
101,0.0,0.0,0.0,0
102,0.0,0.0,0.0,0
103,0.0,0.0,0.0,0
104,20.0,20.0,20.0,0
105,0.0,0.0,0.0,0
106,0.0,0.0,0.0,0
107,0.0,0.0,0.0,0
108,0.0,0.0,0.0,0
109,30.0,30.0,30.0,0
110,0.0,0.0,0.0,0
111,20.0,20.0,20.0,0
112,0.0,0.0,0.0,0
113,0.0,0.0,0.0,0
114,0.0,0.0,0.0,0
115,0.0,0.0,0.0,0
116,70.0,70.0,70.0,0
117,0.0,0.0,0.0,0
118,0.0,0.0,0.0,0
119,40.0,40.0,40.0,0
120,0.0,0.0,0.0,0
121,0.0,0.0,0.0,0
122,0.0,0.0,0.0,0
123,30.0,30.0,30.0,0
124,0.0,0.0,0.0,0
125,0.0,0.0,0.0,0
126,30.0,30.0,30.0,0
127,0.0,0.0,0.0,0
128,0.0,0.0,0.0,0
129,0.0,0.0,0.0,0
130,10.0,10.0,10.0,0
131,0.0,0.0,0.0,0
132,0.0,0.0,0.0,0
133,30.0,30.0,30.0,0
134,0.0,0.0,0.0,0
135,0.0,0.0,0.0,0
136,0.0,0.0,0.0,0
137,0.0,0.0,0.0,0
138,0.0,0.0,0.0,0
139,0.0,0.0,0.0,0
140,30.0,30.0,30.0,0
141,0.0,0.0,0.0,0
142,0.0,0.0,0.0,0
143,10.0,10.0,10.0,0
144,0.0,0.0,0.0,0
145,30.0,30.0,30.0,0
146,0.0,0.0,0.0,0
147,0.0,0.0,0.0,0
148,0.0,0.0,0.0,0
149,0.0,0.0,0.0,0
150,20.0,20.0,20.0,0
151,30.0,30.0,30.0,0
152,0.0,0.0,0.0,0
153,0.0,0.0,0.0,0
154,0.0,0.0,0.0,0
155,0.0,0.0,0.0,0
156,0.0,0.0,0.0,0
157,0.0,0.0,0.0,0
158,0.0,0.0,0.0,0
159,0.0,0.0,0.0,0
160,30.0,30.0,30.0,0
161,0.0,0.0,0.0,0
162,10.0,10.0,10.0,0
163,0.0,0.0,0.0,0
164,0.0,0.0,0.0,0
165,30.0,30.0,30.0,0
166,40.0,40.0,40.0,0
167,0.0,0.0,0.0,0
168,0.0,0.0,0.0,0
169,10.0,10.0,10.0,0
170,10.0,10.0,10.0,0
171,30.0,30.0,30.0,0
172,0.0,0.0,0.0,0
173,0.0,0.0,0.0,0
174,0.0,0.0,0.0,0
175,0.0,0.0,0.0,0
176,0.0,0.0,0.0,0
177,0.0,0.0,0.0,0
178,30.0,30.0,30.0,0
179,0.0,0.0,0.0,0
180,20.0,20.0,20.0,0
181,0.0,0.0,0.0,0
182,0.0,0.0,0.0,0
183,0.0,0.0,0.0,0
184,0.0,0.0,0.0,0
185,0.0,0.0,0.0,0
186,0.0,0.0,0.0,0
187,0.0,0.0,0.0,0
188,0.0,0.0,0.0,0
189,0.0,0.0,0.0,0
190,0.0,0.0,0.0,0
191,0.0,0.0,0.0,0
192,10.0,10.0,10.0,0
193,20.0,20.0,20.0,0
194,30.0,30.0,30.0,0
195,0.0,0.0,0.0,0
196,0.0,0.0,0.0,0
197,0.0,0.0,0.0,0
198,0.0,0.0,0.0,0
199,0.0,0.0,0.0,0
200,0.0,0.0,0.0,0
201,10.0,10.0,10.0,0
202,0.0,0.0,0.0,0
203,20.0,20.0,20.0,0
204,0.0,0.0,0.0,0
205,0.0,0.0,0.0,0
206,30.0,30.0,30.0,0
207,0.0,0.0,0.0,0
208,0.0,0.0,0.0,0
209,0.0,0.0,0.0,0
210,0.0,0.0,0.0,0
211,0.0,0.0,0.0,0
212,50.0,50.0,50.0,0
213,30.0,30.0,30.0,0
214,0.0,0.0,0.0,0
215,30.0,30.0,30.0,0
216,30.0,30.0,30.0,0
217,0.0,0.0,0.0,0
218,0.0,0.0,0.0,0
219,10.0,10.0,10.0,0
220,0.0,0.0,0.0,0
221,0.0,0.0,0.0,0
222,0.0,0.0,0.0,0
223,0.0,0.0,0.0,0
224,0.0,0.0,0.0,0
225,0.0,0.0,0.0,0
226,0.0,0.0,0.0,0
227,40.0,40.0,40.0,0
228,0.0,0.0,0.0,0
229,0.0,0.0,0.0,0
230,0.0,0.0,0.0,0
231,0.0,0.0,0.0,0
232,0.0,0.0,0.0,0
233,0.0,0.0,0.0,0
234,70.0,70.0,70.0,0
235,0.0,0.0,0.0,0
236,0.0,0.0,0.0,0
237,0.0,0.0,0.0,0
238,0.0,0.0,0.0,0
239,0.0,0.0,0.0,0
240,0.0,0.0,0.0,0
241,0.0,0.0,0.0,0
242,0.0,0.0,0.0,0
243,0.0,0.0,0.0,0
244,0.0,0.0,0.0,0
245,20.0,20.0,20.0,0
246,60.0,60.0,60.0,0
247,0.0,0.0,0.0,0
248,0.0,0.0,0.0,0
249,0.0,0.0,0.0,0
250,0.0,0.0,0.0,0
251,0.0,0.0,0.0,0
252,0.0,0.0,0.0,0
253,0.0,0.0,0.0,0
254,0.0,0.0,0.0,0
255,0.0,0.0,0.0,0
256,0.0,0.0,0.0,0
257,0.0,0.0,0.0,0
258,50.0,50.0,50.0,0
259,20.0,20.0,20.0,0
260,10.0,10.0,10.0,0
261,0.0,0.0,0.0,0
262,0.0,0.0,0.0,0
263,0.0,0.0,0.0,0
264,0.0,0.0,0.0,0
265,20.0,20.0,20.0,0
266,0.0,0.0,0.0,0
267,50.0,50.0,50.0,0
268,30.0,30.0,30.0,0
269,0.0,0.0,0.0,0
270,0.0,0.0,0.0,0
271,10.0,10.0,10.0,0
272,0.0,0.0,0.0,0
273,30.0,30.0,30.0,0
274,0.0,0.0,0.0,0
275,0.0,0.0,0.0,0
276,0.0,0.0,0.0,0
277,0.0,0.0,0.0,0
278,110.0,110.0,110.0,0
279,0.0,0.0,0.0,0
280,10.0,10.0,10.0,0
281,0.0,0.0,0.0,0
282,0.0,0.0,0.0,0
283,0.0,0.0,0.0,0
284,0.0,0.0,0.0,0
285,10.0,10.0,10.0,0
286,0.0,0.0,0.0,0
287,20.0,20.0,20.0,0
288,0.0,0.0,0.0,0
289,30.0,30.0,30.0,0
290,0.0,0.0,0.0,0
291,0.0,0.0,0.0,0
292,40.0,40.0,40.0,0
293,0.0,0.0,0.0,0
294,0.0,0.0,0.0,0
295,30.0,30.0,30.0,0
296,20.0,20.0,20.0,0
297,50.0,50.0,50.0,0
298,30.0,30.0,30.0,0
299,0.0,0.0,0.0,0
300,0.0,0.0,0.0,0
301,50.0,50.0,50.0,0
302,0.0,0.0,0.0,0
303,0.0,0.0,0.0,0
304,0.0,0.0,0.0,0
305,0.0,0.0,0.0,0
306,0.0,0.0,0.0,0
307,0.0,0.0,0.0,0
308,0.0,0.0,0.0,0
309,0.0,0.0,0.0,0
310,0.0,0.0,0.0,0
311,0.0,0.0,0.0,0
312,30.0,30.0,30.0,0
313,0.0,0.0,0.0,0
314,10.0,10.0,10.0,0
315,20.0,20.0,20.0,0
316,0.0,0.0,0.0,0
317,0.0,0.0,0.0,0
318,50.0,50.0,50.0,0
319,0.0,0.0,0.0,0
320,20.0,20.0,20.0,0
321,80.0,80.0,80.0,0
322,0.0,0.0,0.0,0
323,20.0,20.0,20.0,0
324,10.0,10.0,10.0,0
325,0.0,0.0,0.0,0
326,10.0,10.0,10.0,0
327,0.0,0.0,0.0,0
328,0.0,0.0,0.0,0
329,30.0,30.0,30.0,0
330,0.0,0.0,0.0,0
331,0.0,0.0,0.0,0
332,20.0,20.0,20.0,0
333,0.0,0.0,0.0,0
334,0.0,0.0,0.0,0
335,0.0,0.0,0.0,0
336,0.0,0.0,0.0,0
337,0.0,0.0,0.0,0
338,10.0,10.0,10.0,0
339,0.0,0.0,0.0,0
340,0.0,0.0,0.0,0
341,50.0,50.0,50.0,0
342,0.0,0.0,0.0,0
343,40.0,40.0,40.0,0
344,0.0,0.0,0.0,0
345,30.0,30.0,30.0,0
346,0.0,0.0,0.0,0
347,0.0,0.0,0.0,0
348,0.0,0.0,0.0,0
349,0.0,0.0,0.0,0
350,0.0,0.0,0.0,0
351,0.0,0.0,0.0,0
352,0.0,0.0,0.0,0
353,0.0,0.0,0.0,0
354,0.0,0.0,0.0,0
355,0.0,0.0,0.0,0
356,30.0,30.0,30.0,0
357,30.0,30.0,30.0,0
358,0.0,0.0,0.0,0
359,0.0,0.0,0.0,0
360,30.0,30.0,30.0,0
361,0.0,0.0,0.0,0
362,0.0,0.0,0.0,0
363,0.0,0.0,0.0,0
364,30.0,30.0,30.0,0
365,0.0,0.0,0.0,0
366,0.0,0.0,0.0,0
367,10.0,10.0,10.0,0
368,0.0,0.0,0.0,0
369,0.0,0.0,0.0,0
370,20.0,20.0,20.0,0
371,0.0,0.0,0.0,0
372,60.0,60.0,60.0,0
373,10.0,10.0,10.0,0
374,0.0,0.0,0.0,0
375,0.0,0.0,0.0,0
376,0.0,0.0,0.0,0
377,20.0,20.0,20.0,0
378,10.0,10.0,10.0,0
379,0.0,0.0,0.0,0
380,0.0,0.0,0.0,0
381,0.0,0.0,0.0,0
382,0.0,0.0,0.0,0
383,0.0,0.0,0.0,0
384,0.0,0.0,0.0,0
385,0.0,0.0,0.0,0
386,0.0,0.0,0.0,0
387,10.0,10.0,10.0,0
388,20.0,20.0,20.0,0
389,0.0,0.0,0.0,0
390,0.0,0.0,0.0,0
391,0.0,0.0,0.0,0
392,0.0,0.0,0.0,0
393,30.0,30.0,30.0,0
394,20.0,20.0,20.0,0
395,20.0,20.0,20.0,0
396,20.0,20.0,20.0,0
397,0.0,0.0,0.0,0
398,0.0,0.0,0.0,0
399,0.0,0.0,0.0,0
400,0.0,0.0,0.0,0
401,0.0,0.0,0.0,0
402,0.0,0.0,0.0,0
403,0.0,0.0,0.0,0
404,0.0,0.0,0.0,0
405,30.0,30.0,30.0,0
406,10.0,10.0,10.0,0
407,30.0,30.0,30.0,0
408,0.0,0.0,0.0,0
409,80.0,80.0,80.0,0
410,0.0,0.0,0.0,0
411,0.0,0.0,0.0,0
412,0.0,0.0,0.0,0
413,0.0,0.0,0.0,0
414,50.0,50.0,50.0,0
415,0.0,0.0,0.0,0
416,20.0,20.0,20.0,0
417,0.0,0.0,0.0,0
418,0.0,0.0,0.0,0
419,0.0,0.0,0.0,0
420,20.0,20.0,20.0,0
421,30.0,30.0,30.0,0
422,20.0,20.0,20.0,0
423,0.0,0.0,0.0,0
424,0.0,0.0,0.0,0
425,0.0,0.0,0.0,0
426,0.0,0.0,0.0,0
427,0.0,0.0,0.0,0
428,0.0,0.0,0.0,0
429,30.0,30.0,30.0,0
430,0.0,0.0,0.0,0
431,40.0,40.0,40.0,0
432,0.0,0.0,0.0,0
433,60.0,60.0,60.0,0
434,0.0,0.0,0.0,0
435,0.0,0.0,0.0,0
436,0.0,0.0,0.0,0
437,20.0,20.0,20.0,0
438,60.0,60.0,60.0,0
439,0.0,0.0,0.0,0
440,20.0,20.0,20.0,0
441,20.0,20.0,20.0,0
442,0.0,0.0,0.0,0
443,20.0,20.0,20.0,0
444,0.0,0.0,0.0,0
445,0.0,0.0,0.0,0
446,0.0,0.0,0.0,0
447,0.0,0.0,0.0,0
448,0.0,0.0,0.0,0
449,20.0,20.0,20.0,0
450,0.0,0.0,0.0,0
451,30.0,30.0,30.0,0
452,30.0,30.0,30.0,0
453,20.0,20.0,20.0,0
454,40.0,40.0,40.0,0
455,0.0,0.0,0.0,0
456,0.0,0.0,0.0,0
457,20.0,20.0,20.0,0
458,30.0,30.0,30.0,0
459,0.0,0.0,0.0,0
460,0.0,0.0,0.0,0
461,70.0,70.0,70.0,0
462,0.0,0.0,0.0,0
463,0.0,0.0,0.0,0
464,90.0,90.0,90.0,0
465,0.0,0.0,0.0,0
466,0.0,0.0,0.0,0
467,0.0,0.0,0.0,0
468,0.0,0.0,0.0,0
469,90.0,90.0,90.0,0
470,0.0,0.0,0.0,0
471,30.0,30.0,30.0,0
472,50.0,50.0,50.0,0
473,20.0,20.0,20.0,0
474,40.0,40.0,40.0,0
475,10.0,10.0,10.0,0
476,0.0,0.0,0.0,0
477,20.0,20.0,20.0,0
478,0.0,0.0,0.0,0
479,0.0,0.0,0.0,0
480,0.0,0.0,0.0,0
481,0.0,0.0,0.0,0
482,0.0,0.0,0.0,0
483,0.0,0.0,0.0,0
484,70.0,70.0,70.0,0
485,0.0,0.0,0.0,0
486,90.0,90.0,90.0,0
487,50.0,50.0,50.0,0
488,0.0,0.0,0.0,0
489,0.0,0.0,0.0,0
490,60.0,60.0,60.0,0
491,0.0,0.0,0.0,0
492,30.0,30.0,30.0,0
493,20.0,20.0,20.0,0
494,0.0,0.0,0.0,0
495,0.0,0.0,0.0,0
496,0.0,0.0,0.0,0
497,10.0,10.0,10.0,0
498,30.0,30.0,30.0,0
499,10.0,10.0,10.0,0
500,20.0,20.0,20.0,0
501,0.0,0.0,0.0,0
502,0.0,0.0,0.0,0
503,0.0,0.0,0.0,0
504,0.0,0.0,0.0,0
505,0.0,0.0,0.0,0
506,30.0,30.0,30.0,0
507,120.0,120.0,120.0,0
508,0.0,0.0,0.0,0
509,0.0,0.0,0.0,0
510,0.0,0.0,0.0,0
511,0.0,0.0,0.0,0
512,40.0,40.0,40.0,0
513,0.0,0.0,0.0,0
514,0.0,0.0,0.0,0
515,100.0,100.0,100.0,0
516,0.0,0.0,0.0,0
517,60.0,60.0,60.0,0
518,10.0,10.0,10.0,0
519,20.0,20.0,20.0,0
520,0.0,0.0,0.0,0
521,0.0,0.0,0.0,0
522,0.0,0.0,0.0,0
523,80.0,80.0,80.0,0
524,0.0,0.0,0.0,0
525,90.0,90.0,90.0,0
526,0.0,0.0,0.0,0
527,20.0,20.0,20.0,0
528,50.0,50.0,50.0,0
529,80.0,80.0,80.0,0
530,30.0,30.0,30.0,0
531,30.0,30.0,30.0,0
532,30.0,30.0,30.0,0
533,30.0,30.0,30.0,0
534,50.0,50.0,50.0,0
535,20.0,20.0,20.0,0
536,0.0,0.0,0.0,0
537,0.0,0.0,0.0,0
538,0.0,0.0,0.0,0
539,0.0,0.0,0.0,0
540,70.0,70.0,70.0,0
541,110.0,110.0,110.0,0
542,70.0,70.0,70.0,0
543,140.0,140.0,140.0,0
544,0.0,0.0,0.0,0
545,30.0,30.0,30.0,0
546,70.0,70.0,70.0,0
547,70.0,70.0,70.0,0
548,0.0,0.0,0.0,0
549,0.0,0.0,0.0,0
550,0.0,0.0,0.0,0
551,70.0,70.0,70.0,0
552,50.0,50.0,50.0,0
553,50.0,50.0,50.0,0
554,0.0,0.0,0.0,0
555,0.0,0.0,0.0,0
556,0.0,0.0,0.0,0
557,0.0,0.0,0.0,0
558,60.0,60.0,60.0,0
559,0.0,0.0,0.0,0
560,130.0,130.0,130.0,0
561,50.0,50.0,50.0,0
562,60.0,60.0,60.0,0
563,0.0,0.0,0.0,0
564,30.0,30.0,30.0,0
565,0.0,0.0,0.0,0
566,0.0,0.0,0.0,0
567,120.0,120.0,120.0,0
568,0.0,0.0,0.0,0
569,0.0,0.0,0.0,0
570,0.0,0.0,0.0,0
571,50.0,50.0,50.0,0
572,30.0,30.0,30.0,0
573,60.0,60.0,60.0,0
574,20.0,20.0,20.0,0
575,30.0,30.0,30.0,0
576,0.0,0.0,0.0,0
577,0.0,0.0,0.0,0
578,100.0,100.0,100.0,0
579,0.0,0.0,0.0,0
580,0.0,0.0,0.0,0
581,0.0,0.0,0.0,0
582,0.0,0.0,0.0,0
583,0.0,0.0,0.0,0
584,0.0,0.0,0.0,0
585,40.0,40.0,40.0,0
586,30.0,30.0,30.0,0
587,0.0,0.0,0.0,0
588,0.0,0.0,0.0,0
589,0.0,0.0,0.0,0
590,0.0,0.0,0.0,0
591,0.0,0.0,0.0,0
592,10.0,10.0,10.0,0
593,20.0,20.0,20.0,0
594,30.0,30.0,30.0,0
595,40.0,40.0,40.0,0
596,20.0,20.0,20.0,0
597,0.0,0.0,0.0,0
598,0.0,0.0,0.0,0
599,0.0,0.0,0.0,0
600,30.0,30.0,30.0,0
601,50.0,50.0,50.0,0
602,30.0,30.0,30.0,0
603,30.0,30.0,30.0,0
604,0.0,0.0,0.0,0
605,0.0,0.0,0.0,0
606,20.0,20.0,20.0,0
607,80.0,80.0,80.0,0
608,30.0,30.0,30.0,0
609,0.0,0.0,0.0,0
610,0.0,0.0,0.0,0
611,0.0,0.0,0.0,0
612,0.0,0.0,0.0,0
613,0.0,0.0,0.0,0
614,0.0,0.0,0.0,0
615,0.0,0.0,0.0,0
616,60.0,60.0,60.0,0
617,40.0,40.0,40.0,0
618,40.0,40.0,40.0,0
619,30.0,30.0,30.0,0
620,70.0,70.0,70.0,0
621,50.0,50.0,50.0,0
622,0.0,0.0,0.0,0
623,0.0,0.0,0.0,0
624,20.0,20.0,20.0,0
625,50.0,50.0,50.0,0
626,50.0,50.0,50.0,0
627,0.0,0.0,0.0,0
628,90.0,90.0,90.0,0
629,0.0,0.0,0.0,0
630,0.0,0.0,0.0,0
631,0.0,0.0,0.0,0
632,0.0,0.0,0.0,0
633,0.0,0.0,0.0,0
634,30.0,30.0,30.0,0
635,0.0,0.0,0.0,0
636,0.0,0.0,0.0,0
637,0.0,0.0,0.0,0
638,0.0,0.0,0.0,0
639,0.0,0.0,0.0,0
640,100.0,100.0,100.0,0
641,50.0,50.0,50.0,0
642,60.0,60.0,60.0,0
643,0.0,0.0,0.0,0
644,30.0,30.0,30.0,0
645,50.0,50.0,50.0,0
646,0.0,0.0,0.0,0
647,0.0,0.0,0.0,0
648,0.0,0.0,0.0,0
649,90.0,90.0,90.0,0
650,30.0,30.0,30.0,0
651,0.0,0.0,0.0,0
652,0.0,0.0,0.0,0
653,0.0,0.0,0.0,0
654,0.0,0.0,0.0,0
655,0.0,0.0,0.0,0
656,80.0,80.0,80.0,0
657,80.0,80.0,80.0,0
658,0.0,0.0,0.0,0
659,60.0,60.0,60.0,0
660,70.0,70.0,70.0,0
661,20.0,20.0,20.0,0
662,10.0,10.0,10.0,0
663,70.0,70.0,70.0,0
664,30.0,30.0,30.0,0
665,100.0,100.0,100.0,0
666,0.0,0.0,0.0,0
667,0.0,0.0,0.0,0
668,0.0,0.0,0.0,0
669,70.0,70.0,70.0,0
670,120.0,120.0,120.0,0
671,40.0,40.0,40.0,0
672,100.0,100.0,100.0,0
673,0.0,0.0,0.0,0
674,50.0,50.0,50.0,0
675,0.0,0.0,0.0,0
676,140.0,140.0,140.0,0
677,0.0,0.0,0.0,0
678,40.0,40.0,40.0,0
679,30.0,30.0,30.0,0
680,110.0,110.0,110.0,0
681,0.0,0.0,0.0,0
682,210.0,210.0,210.0,0
683,140.0,140.0,140.0,0
684,60.0,60.0,60.0,0
685,0.0,0.0,0.0,0
686,120.0,120.0,120.0,0
687,110.0,110.0,110.0,0
688,100.0,100.0,100.0,0
689,60.0,60.0,60.0,0
690,0.0,0.0,0.0,0
691,60.0,60.0,60.0,0
692,0.0,0.0,0.0,0
693,0.0,0.0,0.0,0
694,0.0,0.0,0.0,0
695,60.0,60.0,60.0,0
696,40.0,40.0,40.0,0
697,40.0,40.0,40.0,0
698,0.0,0.0,0.0,0
699,60.0,60.0,60.0,0
700,0.0,0.0,0.0,0
701,0.0,0.0,0.0,0
702,0.0,0.0,0.0,0
703,0.0,0.0,0.0,0
704,10.0,10.0,10.0,0
705,130.0,130.0,130.0,0
706,90.0,90.0,90.0,0
707,60.0,60.0,60.0,0
708,50.0,50.0,50.0,0
709,30.0,30.0,30.0,0
710,0.0,0.0,0.0,0
711,70.0,70.0,70.0,0
712,160.0,160.0,160.0,0
713,100.0,100.0,100.0,0
714,330.0,330.0,330.0,0
715,0.0,0.0,0.0,0
716,30.0,30.0,30.0,0
717,230.0,230.0,230.0,0
718,120.0,120.0,120.0,0
719,150.0,150.0,150.0,0
720,110.0,110.0,110.0,0
721,0.0,0.0,0.0,0
722,20.0,20.0,20.0,0
723,30.0,30.0,30.0,0
724,30.0,30.0,30.0,0
725,30.0,30.0,30.0,0
726,80.0,80.0,80.0,0
727,20.0,20.0,20.0,0
728,0.0,0.0,0.0,0
729,70.0,70.0,70.0,0
730,110.0,110.0,110.0,0
731,60.0,60.0,60.0,0
732,100.0,100.0,100.0,0
733,0.0,0.0,0.0,0
734,140.0,140.0,140.0,0
735,40.0,40.0,40.0,0
736,30.0,30.0,30.0,0
737,0.0,0.0,0.0,0
738,10.0,10.0,10.0,0
739,0.0,0.0,0.0,0
740,20.0,20.0,20.0,0
741,0.0,0.0,0.0,0
742,60.0,60.0,60.0,0
743,60.0,60.0,60.0,0
744,0.0,0.0,0.0,0
745,140.0,140.0,140.0,0
746,0.0,0.0,0.0,0
747,30.0,30.0,30.0,0
748,10.0,10.0,10.0,0
749,30.0,30.0,30.0,0
750,140.0,140.0,140.0,0
751,70.0,70.0,70.0,0
752,70.0,70.0,70.0,0
753,30.0,30.0,30.0,0
754,0.0,0.0,0.0,0
755,0.0,0.0,0.0,0
756,80.0,80.0,80.0,0
757,10.0,10.0,10.0,0
758,160.0,160.0,160.0,0
759,140.0,140.0,140.0,0
760,150.0,150.0,150.0,0
761,40.0,40.0,40.0,0
762,50.0,50.0,50.0,0
763,220.0,220.0,220.0,0
764,70.0,70.0,70.0,0
765,20.0,20.0,20.0,0
766,0.0,0.0,0.0,0
767,60.0,60.0,60.0,0
768,30.0,30.0,30.0,0
769,0.0,0.0,0.0,0
770,0.0,0.0,0.0,0
771,30.0,30.0,30.0,0
772,30.0,30.0,30.0,0
773,0.0,0.0,0.0,0
774,30.0,30.0,30.0,0
775,70.0,70.0,70.0,0
776,70.0,70.0,70.0,0
777,30.0,30.0,30.0,0
778,100.0,100.0,100.0,0
779,0.0,0.0,0.0,0
780,60.0,60.0,60.0,0
781,120.0,120.0,120.0,0
782,0.0,0.0,0.0,0
783,30.0,30.0,30.0,0
784,0.0,0.0,0.0,0
785,0.0,0.0,0.0,0
786,160.0,160.0,160.0,0
787,0.0,0.0,0.0,0
788,110.0,110.0,110.0,0
789,40.0,40.0,40.0,0
790,20.0,20.0,20.0,0
791,40.0,40.0,40.0,0
792,50.0,50.0,50.0,0
793,90.0,90.0,90.0,0
794,20.0,20.0,20.0,0
795,0.0,0.0,0.0,0
796,0.0,0.0,0.0,0
797,0.0,0.0,0.0,0
798,80.0,80.0,80.0,0
799,30.0,30.0,30.0,0
800,0.0,0.0,0.0,0
801,130.0,130.0,130.0,0
802,20.0,20.0,20.0,0
803,90.0,90.0,90.0,0
804,0.0,0.0,0.0,0
805,0.0,0.0,0.0,0
806,0.0,0.0,0.0,0
807,40.0,40.0,40.0,0
808,30.0,30.0,30.0,0
809,40.0,40.0,40.0,0
810,80.0,80.0,80.0,0
811,0.0,0.0,0.0,0
812,0.0,0.0,0.0,0
813,30.0,30.0,30.0,0
814,20.0,20.0,20.0,0
815,10.0,10.0,10.0,0
816,0.0,0.0,0.0,0
817,0.0,0.0,0.0,0
818,0.0,0.0,0.0,0
819,0.0,0.0,0.0,0
820,30.0,30.0,30.0,0
821,0.0,0.0,0.0,0
822,0.0,0.0,0.0,0
823,110.0,110.0,110.0,0
824,110.0,110.0,110.0,0
825,0.0,0.0,0.0,0
826,70.0,70.0,70.0,0
827,0.0,0.0,0.0,0
828,130.0,130.0,130.0,0
829,30.0,30.0,30.0,0
830,140.0,140.0,140.0,0
831,0.0,0.0,0.0,0
832,30.0,30.0,30.0,0
833,70.0,70.0,70.0,0
834,0.0,0.0,0.0,0
835,30.0,30.0,30.0,0
836,320.0,320.0,320.0,0
837,20.0,20.0,20.0,0
838,90.0,90.0,90.0,0
839,130.0,130.0,130.0,0
840,0.0,0.0,0.0,0
841,30.0,30.0,30.0,0
842,50.0,50.0,50.0,0
843,120.0,120.0,120.0,0
844,60.0,60.0,60.0,0
845,70.0,70.0,70.0,0
846,80.0,80.0,80.0,0
847,0.0,0.0,0.0,0
848,30.0,30.0,30.0,0
849,70.0,70.0,70.0,0
850,10.0,10.0,10.0,0
851,90.0,90.0,90.0,0
852,30.0,30.0,30.0,0
853,0.0,0.0,0.0,0
854,180.0,180.0,180.0,0
855,0.0,0.0,0.0,0
856,30.0,30.0,30.0,0
857,110.0,110.0,110.0,0
858,60.0,60.0,60.0,0
859,110.0,110.0,110.0,0
860,0.0,0.0,0.0,0
861,60.0,60.0,60.0,0
862,100.0,100.0,100.0,0
863,60.0,60.0,60.0,0
864,170.0,170.0,170.0,0
865,0.0,0.0,0.0,0
866,90.0,90.0,90.0,0
867,30.0,30.0,30.0,0
868,50.0,50.0,50.0,0
869,0.0,0.0,0.0,0
870,0.0,0.0,0.0,0
871,90.0,90.0,90.0,0
872,60.0,60.0,60.0,0
873,0.0,0.0,0.0,0
874,110.0,110.0,110.0,0
875,20.0,20.0,20.0,0
876,100.0,100.0,100.0,0
877,0.0,0.0,0.0,0
878,0.0,0.0,0.0,0
879,0.0,0.0,0.0,0
880,0.0,0.0,0.0,0
881,200.0,200.0,200.0,0
882,10.0,10.0,10.0,0
883,0.0,0.0,0.0,0
884,0.0,0.0,0.0,0
885,120.0,120.0,120.0,0
886,40.0,40.0,40.0,0
887,130.0,130.0,130.0,0
888,0.0,0.0,0.0,0
889,90.0,90.0,90.0,0
890,240.0,240.0,240.0,0
891,160.0,160.0,160.0,0
892,70.0,70.0,70.0,0
893,210.0,210.0,210.0,0
894,150.0,150.0,150.0,0
895,0.0,0.0,0.0,0
896,130.0,130.0,130.0,0
897,90.0,90.0,90.0,0
898,60.0,60.0,60.0,0
899,0.0,0.0,0.0,0
900,0.0,0.0,0.0,0
901,280.0,280.0,280.0,0
902,140.0,140.0,140.0,0
903,70.0,70.0,70.0,0
904,160.0,160.0,160.0,0
905,0.0,0.0,0.0,0
906,0.0,0.0,0.0,0
907,70.0,70.0,70.0,0
908,120.0,120.0,120.0,0
909,20.0,20.0,20.0,0
910,0.0,0.0,0.0,0
911,50.0,50.0,50.0,0
912,90.0,90.0,90.0,0
913,80.0,80.0,80.0,0
914,30.0,30.0,30.0,0
915,50.0,50.0,50.0,0
916,20.0,20.0,20.0,0
917,0.0,0.0,0.0,0
918,0.0,0.0,0.0,0
919,90.0,90.0,90.0,0
920,0.0,0.0,0.0,0
921,180.0,180.0,180.0,0
922,0.0,0.0,0.0,0
923,30.0,30.0,30.0,0
924,90.0,90.0,90.0,0
925,30.0,30.0,30.0,0
926,20.0,20.0,20.0,0
927,130.0,130.0,130.0,0
928,50.0,50.0,50.0,0
929,130.0,130.0,130.0,0
930,70.0,70.0,70.0,0
931,20.0,20.0,20.0,0
932,0.0,0.0,0.0,0
933,110.0,110.0,110.0,0
934,90.0,90.0,90.0,0
935,50.0,50.0,50.0,0
936,100.0,100.0,100.0,0
937,130.0,130.0,130.0,0
938,20.0,20.0,20.0,0
939,30.0,30.0,30.0,0
940,140.0,140.0,140.0,0
941,70.0,70.0,70.0,0
942,90.0,90.0,90.0,0
943,10.0,10.0,10.0,0
944,0.0,0.0,0.0,0
945,80.0,80.0,80.0,0
946,80.0,80.0,80.0,0
947,10.0,10.0,10.0,0
948,40.0,40.0,40.0,0
949,30.0,30.0,30.0,0
950,130.0,130.0,130.0,0
951,0.0,0.0,0.0,0
952,0.0,0.0,0.0,0
953,30.0,30.0,30.0,0
954,30.0,30.0,30.0,0
955,190.0,190.0,190.0,0
956,0.0,0.0,0.0,0
957,20.0,20.0,20.0,0
958,30.0,30.0,30.0,0
959,160.0,160.0,160.0,0
960,60.0,60.0,60.0,0
961,70.0,70.0,70.0,0
962,40.0,40.0,40.0,0
963,0.0,0.0,0.0,0
964,0.0,0.0,0.0,0
965,10.0,10.0,10.0,0
966,0.0,0.0,0.0,0
967,40.0,40.0,40.0,0
968,60.0,60.0,60.0,0
969,60.0,60.0,60.0,0
970,0.0,0.0,0.0,0
971,70.0,70.0,70.0,0
972,30.0,30.0,30.0,0
973,150.0,150.0,150.0,0
974,0.0,0.0,0.0,0
975,30.0,30.0,30.0,0
976,160.0,160.0,160.0,0
977,130.0,130.0,130.0,0
978,0.0,0.0,0.0,0
979,90.0,90.0,90.0,0
980,200.0,200.0,200.0,0
981,30.0,30.0,30.0,0
982,260.0,260.0,260.0,0
983,50.0,50.0,50.0,0
984,90.0,90.0,90.0,0
985,0.0,0.0,0.0,0
986,140.0,140.0,140.0,0
987,60.0,60.0,60.0,0
988,0.0,0.0,0.0,0
989,80.0,80.0,80.0,0
990,20.0,20.0,20.0,0
991,110.0,110.0,110.0,0
992,0.0,0.0,0.0,0
993,190.0,190.0,190.0,0
994,60.0,60.0,60.0,0
995,40.0,40.0,40.0,0
996,90.0,90.0,90.0,0
997,0.0,0.0,0.0,0
998,0.0,0.0,0.0,0
999,300.0,300.0,300.0,0
1000,70.0,70.0,70.0,0
1001,30.0,30.0,30.0,0
1002,30.0,30.0,30.0,0
1003,100.0,100.0,100.0,0
1004,60.0,60.0,60.0,0
1005,190.0,190.0,190.0,0
1006,90.0,90.0,90.0,0
1007,110.0,110.0,110.0,0
1008,220.0,220.0,220.0,0
1009,50.0,50.0,50.0,0
1010,20.0,20.0,20.0,0
1011,40.0,40.0,40.0,0
1012,20.0,20.0,20.0,0
1013,30.0,30.0,30.0,0
1014,110.0,110.0,110.0,0
1015,60.0,60.0,60.0,0
1016,0.0,0.0,0.0,0
1017,0.0,0.0,0.0,0
1018,80.0,80.0,80.0,0
1019,120.0,120.0,120.0,0
1020,10.0,10.0,10.0,0
1021,290.0,290.0,290.0,0
1022,100.0,100.0,100.0,0
1023,0.0,0.0,0.0,0
1024,80.0,80.0,80.0,0
1025,320.0,320.0,320.0,0
1026,130.0,130.0,130.0,0
1027,30.0,30.0,30.0,0
1028,40.0,40.0,40.0,0
1029,0.0,0.0,0.0,0
1030,20.0,20.0,20.0,0
1031,100.0,100.0,100.0,0
1032,0.0,0.0,0.0,0
1033,20.0,20.0,20.0,0
1034,30.0,30.0,30.0,0
1035,170.0,170.0,170.0,0
1036,60.0,60.0,60.0,0
1037,30.0,30.0,30.0,0
1038,100.0,100.0,100.0,0
1039,260.0,260.0,260.0,0
1040,0.0,0.0,0.0,0
1041,30.0,30.0,30.0,0
1042,0.0,0.0,0.0,0
1043,30.0,30.0,30.0,0
1044,270.0,270.0,270.0,0
1045,140.0,140.0,140.0,0
1046,280.0,280.0,280.0,0
1047,100.0,100.0,100.0,0
1048,30.0,30.0,30.0,0
1049,130.0,130.0,130.0,0
1050,0.0,0.0,0.0,0
1051,40.0,40.0,40.0,0
1052,0.0,0.0,0.0,0
1053,70.0,70.0,70.0,0
1054,40.0,40.0,40.0,0
1055,0.0,0.0,0.0,0
1056,70.0,70.0,70.0,0
1057,70.0,70.0,70.0,0
1058,0.0,0.0,0.0,0
1059,30.0,30.0,30.0,0
1060,90.0,90.0,90.0,0
1061,130.0,130.0,130.0,0
1062,70.0,70.0,70.0,0
1063,80.0,80.0,80.0,0
1064,0.0,0.0,0.0,0
1065,200.0,200.0,200.0,0
1066,100.0,100.0,100.0,0
1067,140.0,140.0,140.0,0
1068,140.0,140.0,140.0,0
1069,0.0,0.0,0.0,0
1070,110.0,110.0,110.0,0
1071,50.0,50.0,50.0,0
1072,160.0,160.0,160.0,0
1073,0.0,0.0,0.0,0
1074,250.0,250.0,250.0,0
1075,50.0,50.0,50.0,0
1076,20.0,20.0,20.0,0
1077,220.0,220.0,220.0,0
1078,160.0,160.0,160.0,0
1079,240.0,240.0,240.0,0
1080,40.0,40.0,40.0,0
1081,140.0,140.0,140.0,0
1082,30.0,30.0,30.0,0
1083,150.0,150.0,150.0,0
1084,40.0,40.0,40.0,0
1085,120.0,120.0,120.0,0
1086,20.0,20.0,20.0,0
1087,70.0,70.0,70.0,0
1088,20.0,20.0,20.0,0
1089,90.0,90.0,90.0,0
1090,70.0,70.0,70.0,0
1091,140.0,140.0,140.0,0
1092,0.0,0.0,0.0,0
1093,0.0,0.0,0.0,0
1094,0.0,0.0,0.0,0
1095,10.0,10.0,10.0,0
1096,50.0,50.0,50.0,0
1097,30.0,30.0,30.0,0
1098,80.0,80.0,80.0,0
1099,240.0,240.0,240.0,0
1100,70.0,70.0,70.0,0
1101,90.0,90.0,90.0,0
1102,30.0,30.0,30.0,0
1103,0.0,0.0,0.0,0
1104,40.0,40.0,40.0,0
1105,330.0,330.0,330.0,0
1106,40.0,40.0,40.0,0
1107,70.0,70.0,70.0,0
1108,140.0,140.0,140.0,0
1109,210.0,210.0,210.0,0
1110,0.0,0.0,0.0,0
1111,290.0,290.0,290.0,0
1112,140.0,140.0,140.0,0
1113,30.0,30.0,30.0,0
1114,20.0,20.0,20.0,0
1115,0.0,0.0,0.0,0
1116,280.0,280.0,280.0,0
1117,30.0,30.0,30.0,0
1118,30.0,30.0,30.0,0
1119,0.0,0.0,0.0,0
1120,0.0,0.0,0.0,0
1121,100.0,100.0,100.0,0
1122,320.0,320.0,320.0,0
1123,100.0,100.0,100.0,0
1124,60.0,60.0,60.0,0
1125,90.0,90.0,90.0,0
1126,450.0,450.0,450.0,0
1127,140.0,140.0,140.0,0
1128,20.0,20.0,20.0,0
1129,230.0,230.0,230.0,0
1130,230.0,230.0,230.0,0
1131,30.0,30.0,30.0,0
1132,240.0,240.0,240.0,0
1133,30.0,30.0,30.0,0
1134,20.0,20.0,20.0,0
1135,110.0,110.0,110.0,0
1136,30.0,30.0,30.0,0
1137,30.0,30.0,30.0,0
1138,200.0,200.0,200.0,0
1139,250.0,250.0,250.0,0
1140,130.0,130.0,130.0,0
1141,160.0,160.0,160.0,0
1142,0.0,0.0,0.0,0
1143,100.0,100.0,100.0,0
1144,0.0,0.0,0.0,0
1145,90.0,90.0,90.0,0
1146,40.0,40.0,40.0,0
1147,120.0,120.0,120.0,0
1148,0.0,0.0,0.0,0
1149,80.0,80.0,80.0,0
1150,80.0,80.0,80.0,0
1151,40.0,40.0,40.0,0
1152,30.0,30.0,30.0,0
1153,0.0,0.0,0.0,0
1154,260.0,260.0,260.0,0
1155,100.0,100.0,100.0,0
1156,130.0,130.0,130.0,0
1157,120.0,120.0,120.0,0
1158,50.0,50.0,50.0,0
1159,60.0,60.0,60.0,0
1160,60.0,60.0,60.0,0
1161,100.0,100.0,100.0,0
1162,0.0,0.0,0.0,0
1163,130.0,130.0,130.0,0
1164,20.0,20.0,20.0,0
1165,130.0,130.0,130.0,0
1166,60.0,60.0,60.0,0
1167,190.0,190.0,190.0,0
1168,100.0,100.0,100.0,0
1169,240.0,240.0,240.0,0
1170,90.0,90.0,90.0,0
1171,130.0,130.0,130.0,0
1172,40.0,40.0,40.0,0
1173,100.0,100.0,100.0,0
1174,300.0,300.0,300.0,0
1175,340.0,340.0,340.0,0
1176,120.0,120.0,120.0,0
1177,0.0,0.0,0.0,0
1178,50.0,50.0,50.0,0
1179,50.0,50.0,50.0,0
1180,60.0,60.0,60.0,0
1181,150.0,150.0,150.0,0
1182,40.0,40.0,40.0,0
1183,70.0,70.0,70.0,0
1184,60.0,60.0,60.0,0
1185,270.0,270.0,270.0,0
1186,50.0,50.0,50.0,0
1187,70.0,70.0,70.0,0
1188,0.0,0.0,0.0,0
1189,0.0,0.0,0.0,0
1190,0.0,0.0,0.0,0
1191,0.0,0.0,0.0,0
1192,10.0,10.0,10.0,0
1193,0.0,0.0,0.0,0
1194,0.0,0.0,0.0,0
1195,10.0,10.0,10.0,0
1196,190.0,190.0,190.0,0
1197,30.0,30.0,30.0,0
1198,30.0,30.0,30.0,0
1199,0.0,0.0,0.0,0
1200,90.0,90.0,90.0,0
1201,100.0,100.0,100.0,0
1202,30.0,30.0,30.0,0
1203,170.0,170.0,170.0,0
1204,50.0,50.0,50.0,0
1205,80.0,80.0,80.0,0
1206,170.0,170.0,170.0,0
1207,10.0,10.0,10.0,0
1208,0.0,0.0,0.0,0
1209,290.0,290.0,290.0,0
1210,140.0,140.0,140.0,0
1211,50.0,50.0,50.0,0
1212,90.0,90.0,90.0,0
1213,200.0,200.0,200.0,0
1214,30.0,30.0,30.0,0
1215,100.0,100.0,100.0,0
1216,240.0,240.0,240.0,0
1217,30.0,30.0,30.0,0
1218,20.0,20.0,20.0,0
1219,220.0,220.0,220.0,0
1220,120.0,120.0,120.0,0
1221,70.0,70.0,70.0,0
1222,0.0,0.0,0.0,0
1223,30.0,30.0,30.0,0
1224,80.0,80.0,80.0,0
1225,80.0,80.0,80.0,0
1226,60.0,60.0,60.0,0
1227,180.0,180.0,180.0,0
1228,100.0,100.0,100.0,0
1229,230.0,230.0,230.0,0
1230,0.0,0.0,0.0,0
1231,0.0,0.0,0.0,0
1232,120.0,120.0,120.0,0
1233,140.0,140.0,140.0,0
1234,100.0,100.0,100.0,0
1235,60.0,60.0,60.0,0
1236,90.0,90.0,90.0,0
1237,70.0,70.0,70.0,0
1238,90.0,90.0,90.0,0
1239,30.0,30.0,30.0,0
1240,90.0,90.0,90.0,0
1241,260.0,260.0,260.0,0
1242,60.0,60.0,60.0,0
1243,180.0,180.0,180.0,0
1244,130.0,130.0,130.0,0
1245,170.0,170.0,170.0,0
1246,80.0,80.0,80.0,0
1247,50.0,50.0,50.0,0
1248,180.0,180.0,180.0,0
1249,30.0,30.0,30.0,0
1250,40.0,40.0,40.0,0
1251,50.0,50.0,50.0,0
1252,140.0,140.0,140.0,0
1253,50.0,50.0,50.0,0
1254,300.0,300.0,300.0,0
1255,80.0,80.0,80.0,0
1256,140.0,140.0,140.0,0
1257,130.0,130.0,130.0,0
1258,0.0,0.0,0.0,0
1259,160.0,160.0,160.0,0
1260,200.0,200.0,200.0,0
1261,40.0,40.0,40.0,0
1262,160.0,160.0,160.0,0
1263,150.0,150.0,150.0,0
1264,100.0,100.0,100.0,0
1265,0.0,0.0,0.0,0
1266,190.0,190.0,190.0,0
1267,0.0,0.0,0.0,0
1268,30.0,30.0,30.0,0
1269,30.0,30.0,30.0,0
1270,120.0,120.0,120.0,0
1271,120.0,120.0,120.0,0
1272,30.0,30.0,30.0,0
1273,140.0,140.0,140.0,0
1274,0.0,0.0,0.0,0
1275,260.0,260.0,260.0,0
1276,30.0,30.0,30.0,0
1277,40.0,40.0,40.0,0
1278,130.0,130.0,130.0,0
1279,90.0,90.0,90.0,0
1280,0.0,0.0,0.0,0
1281,30.0,30.0,30.0,0
1282,40.0,40.0,40.0,0
1283,0.0,0.0,0.0,0
1284,250.0,250.0,250.0,0
1285,20.0,20.0,20.0,0
1286,80.0,80.0,80.0,0
1287,200.0,200.0,200.0,0
1288,80.0,80.0,80.0,0
1289,140.0,140.0,140.0,0
1290,360.0,360.0,360.0,0
1291,90.0,90.0,90.0,0
1292,120.0,120.0,120.0,0
1293,120.0,120.0,120.0,0
1294,200.0,200.0,200.0,0
1295,30.0,30.0,30.0,0
1296,170.0,170.0,170.0,0
1297,20.0,20.0,20.0,0
1298,70.0,70.0,70.0,0
1299,100.0,100.0,100.0,0
1300,30.0,30.0,30.0,0
1301,270.0,270.0,270.0,0
1302,70.0,70.0,70.0,0
1303,20.0,20.0,20.0,0
1304,160.0,160.0,160.0,0
1305,50.0,50.0,50.0,0
1306,30.0,30.0,30.0,0
1307,100.0,100.0,100.0,0
1308,0.0,0.0,0.0,0
1309,120.0,120.0,120.0,0
1310,120.0,120.0,120.0,0
1311,170.0,170.0,170.0,0
1312,160.0,160.0,160.0,0
1313,30.0,30.0,30.0,0
1314,130.0,130.0,130.0,0
1315,40.0,40.0,40.0,0
1316,0.0,0.0,0.0,0
1317,30.0,30.0,30.0,0
1318,20.0,20.0,20.0,0
1319,60.0,60.0,60.0,0
1320,0.0,0.0,0.0,0
1321,100.0,100.0,100.0,0
1322,60.0,60.0,60.0,0
1323,60.0,60.0,60.0,0
1324,140.0,140.0,140.0,0
1325,30.0,30.0,30.0,0
1326,30.0,30.0,30.0,0
1327,30.0,30.0,30.0,0
1328,40.0,40.0,40.0,0
1329,50.0,50.0,50.0,0
1330,20.0,20.0,20.0,0
1331,30.0,30.0,30.0,0
1332,100.0,100.0,100.0,0
