#{"t_start": 1751340380.6091702, "env_id": "MountainCar-v0"}
r,l,t
-200.0,200,1105.583468
-200.0,200,1105.645919
-200.0,200,1105.70946
-200.0,200,1105.774699
-200.0,200,1105.835652
-200.0,200,1106.068325
-200.0,200,1106.310994
-200.0,200,1106.54594
-200.0,200,1106.788709
-200.0,200,1107.017828
-200.0,200,1107.264413
-200.0,200,1107.494645
-200.0,200,1107.740652
-200.0,200,1107.972894
-200.0,200,1108.217534
-200.0,200,1108.444703
-200.0,200,1108.691391
-200.0,200,1108.93237
-200.0,200,1109.18309
-200.0,200,1109.433667
-200.0,200,1109.686248
-200.0,200,1109.996216
-200.0,200,1110.250483
-200.0,200,1110.490908
-200.0,200,1110.737915
-200.0,200,1110.970906
-200.0,200,1111.222657
-200.0,200,1111.463527
-200.0,200,1111.706271
-200.0,200,1111.941532
-200.0,200,1112.209347
-200.0,200,1112.447575
-200.0,200,1112.787233
-200.0,200,1113.053072
-200.0,200,1113.357483
-200.0,200,1113.639755
-200.0,200,1113.902538
-200.0,200,1114.165954
-200.0,200,1114.475433
-200.0,200,1114.843727
-200.0,200,1115.23824
-200.0,200,1115.509097
-193.0,193,1115.774191
-200.0,200,1116.02707
-200.0,200,1116.330564
-200.0,200,1116.608849
-200.0,200,1116.948857
-200.0,200,1117.271297
-200.0,200,1117.589878
-200.0,200,1117.858277
-112.0,112,1118.027696
-200.0,200,1118.31471
-200.0,200,1118.570993
-200.0,200,1118.840029
-200.0,200,1119.082846
-200.0,200,1119.34545
-200.0,200,1119.591189
-200.0,200,1119.854302
-200.0,200,1120.129621
-200.0,200,1120.402901
-200.0,200,1120.651403
-200.0,200,1120.901926
-200.0,200,1121.226014
-200.0,200,1121.530455
-200.0,200,1121.834576
-200.0,200,1122.209475
-200.0,200,1122.650117
-200.0,200,1122.919536
-200.0,200,1123.142061
-200.0,200,1123.494233
-200.0,200,1123.879233
-115.0,115,1124.073235
-175.0,175,1124.340232
-200.0,200,1124.639238
-200.0,200,1124.882233
-200.0,200,1125.143232
-184.0,184,1125.371232
-200.0,200,1125.627234
-200.0,200,1125.870232
-200.0,200,1126.122232
-200.0,200,1126.382234
-200.0,200,1126.670236
-200.0,200,1126.946232
-200.0,200,1127.239232
-200.0,200,1127.508234
-200.0,200,1127.777235
-186.0,186,1128.014233
-200.0,200,1128.288232
-200.0,200,1128.540234
-200.0,200,1128.900236
-200.0,200,1129.189234
-200.0,200,1129.419232
-200.0,200,1129.641232
-200.0,200,1129.922232
-200.0,200,1130.156235
-200.0,200,1130.403232
-200.0,200,1130.721237
-200.0,200,1131.073233
-200.0,200,1131.331232
-200.0,200,1131.578232
-200.0,200,1131.799232
-200.0,200,1132.034232
-200.0,200,1132.250233
-200.0,200,1132.479232
-200.0,200,1132.691232
-200.0,200,1132.924233
-200.0,200,1133.137232
-200.0,200,1133.363232
-200.0,200,1133.577232
-200.0,200,1133.821232
-200.0,200,1134.037232
-200.0,200,1134.274232
-200.0,200,1134.485232
-200.0,200,1134.708232
-200.0,200,1134.931232
-200.0,200,1135.155232
-200.0,200,1135.368232
-200.0,200,1135.596232
-200.0,200,1135.810232
-200.0,200,1136.036232
-200.0,200,1136.252233
-200.0,200,1136.482232
-200.0,200,1136.723232
-200.0,200,1136.984235
-200.0,200,1137.256232
-200.0,200,1137.504234
-200.0,200,1137.734232
-200.0,200,1137.981235
-200.0,200,1138.249236
-200.0,200,1138.597233
-200.0,200,1138.837233
-200.0,200,1139.105233
-200.0,200,1139.320236
-200.0,200,1139.552234
-200.0,200,1139.779233
-200.0,200,1140.020232
-200.0,200,1140.246236
-200.0,200,1140.481234
-200.0,200,1140.704232
-200.0,200,1140.936234
-200.0,200,1141.164232
-142.0,142,1141.325234
-200.0,200,1141.550232
-200.0,200,1141.778233
-200.0,200,1142.033236
-200.0,200,1142.347234
-200.0,200,1142.707235
-200.0,200,1142.958234
-200.0,200,1143.220234
-200.0,200,1143.459237
-200.0,200,1143.716232
-200.0,200,1143.956232
-200.0,200,1144.186232
-200.0,200,1144.409232
-200.0,200,1144.650232
-200.0,200,1144.902232
-200.0,200,1145.167232
-200.0,200,1145.399235
-200.0,200,1145.636232
-167.0,167,1145.824232
-200.0,200,1146.061232
-200.0,200,1146.292235
-200.0,200,1146.603234
-200.0,200,1146.861242
-200.0,200,1147.117235
-200.0,200,1147.375236
-200.0,200,1147.672232
-178.0,178,1147.870232
-200.0,200,1148.098232
-200.0,200,1148.345234
-200.0,200,1148.565232
-200.0,200,1148.797234
-143.0,143,1148.970236
-142.0,142,1149.153232
-200.0,200,1149.412232
-200.0,200,1149.693232
-200.0,200,1149.928235
-200.0,200,1150.172232
-168.0,168,1150.3649
-200.0,200,1150.590371
-200.0,200,1150.810739
-140.0,140,1150.973706
-200.0,200,1151.194436
-200.0,200,1151.430475
-200.0,200,1151.646502
-200.0,200,1151.874268
-111.0,111,1151.998423
-200.0,200,1152.212232
-132.0,132,1152.356851
-121.0,121,1152.496661
-200.0,200,1152.729557
-200.0,200,1152.94298
-200.0,200,1153.171446
-200.0,200,1153.394391
-190.0,190,1153.607778
-200.0,200,1153.827345
-191.0,191,1154.042203
-200.0,200,1154.270191
-200.0,200,1154.492498
-193.0,193,1154.706578
-200.0,200,1154.936969
-200.0,200,1155.160964
-200.0,200,1155.392585
-200.0,200,1155.612736
-165.0,165,1155.80544
-155.0,155,1155.970294
-177.0,177,1156.164382
-192.0,192,1156.379049
-200.0,200,1156.607786
-200.0,200,1156.82471
-178.0,178,1157.029659
-200.0,200,1157.240978
-200.0,200,1157.472164
-179.0,179,1157.666549
-169.0,169,1157.843937
-200.0,200,1158.069991
-200.0,200,1158.295636
-200.0,200,1158.530213
-165.0,165,1158.736476
-192.0,192,1158.982355
-147.0,147,1159.143981
-178.0,178,1159.343193
-188.0,188,1159.565171
-191.0,191,1159.775942
-177.0,177,1159.967501
-200.0,200,1160.191101
-164.0,164,1160.368099
-142.0,142,1160.531339
-141.0,141,1160.690592
-200.0,200,1160.901904
-160.0,160,1161.077803
-171.0,171,1161.269964
-200.0,200,1161.478961
-200.0,200,1161.70877
-188.0,188,1161.918913
-200.0,200,1162.131842
-158.0,158,1162.305263
-158.0,158,1162.48052
-200.0,200,1162.68888
-164.0,164,1162.87692
-171.0,171,1163.055494
-188.0,188,1163.262223
-159.0,159,1163.437482
-154.0,154,1163.609487
-200.0,200,1163.824577
-200.0,200,1164.05146
-191.0,191,1164.261621
-168.0,168,1164.441282
-200.0,200,1164.667976
-200.0,200,1164.878775
-162.0,162,1165.061429
-200.0,200,1165.288988
-137.0,137,1165.434721
-152.0,152,1165.666868
-200.0,200,1165.885006
-133.0,133,1166.038955
-200.0,200,1166.250149
-200.0,200,1166.477449
-176.0,176,1166.670417
-144.0,144,1166.828102
-116.0,116,1166.949683
-119.0,119,1167.073222
-200.0,200,1167.298137
-200.0,200,1167.513145
-135.0,135,1167.669834
-129.0,129,1167.814058
-127.0,127,1167.959235
-200.0,200,1168.172966
-200.0,200,1168.400542
-200.0,200,1168.609289
-131.0,131,1168.754009
-200.0,200,1168.978591
-200.0,200,1169.191703
-194.0,194,1169.413349
-192.0,192,1169.688589
-196.0,196,1170.005841
-173.0,173,1170.228637
-200.0,200,1170.444831
-179.0,179,1170.646322
-200.0,200,1170.870219
-111.0,111,1170.991436
-110.0,110,1171.121961
-138.0,138,1171.265842
-127.0,127,1171.406957
-200.0,200,1171.633589
-147.0,147,1171.793521
-200.0,200,1172.012242
-136.0,136,1172.168746
-185.0,185,1172.422016
-200.0,200,1172.667618
-181.0,181,1172.863859
-174.0,174,1173.058084
-200.0,200,1173.282767
-149.0,149,1173.444354
-113.0,113,1173.568644
-167.0,167,1173.744878
-200.0,200,1173.98081
-154.0,154,1174.14269
-147.0,147,1174.3137
-194.0,194,1174.523867
-98.0,98,1174.627891
-200.0,200,1174.838941
-200.0,200,1175.06295
-156.0,156,1175.2391
-111.0,111,1175.361263
-165.0,165,1175.536449
-177.0,177,1175.725483
-200.0,200,1175.937436
-200.0,200,1176.171183
-185.0,185,1176.386705
-195.0,195,1176.607367
-167.0,167,1176.816122
-133.0,133,1176.976088
-153.0,153,1177.15103
-151.0,151,1177.31267
-200.0,200,1177.538246
-161.0,161,1177.711646
-177.0,177,1177.905249
-141.0,141,1178.068733
-200.0,200,1178.283838
-200.0,200,1178.50931
-166.0,166,1178.68423
-153.0,153,1178.856968
-200.0,200,1179.065631
-179.0,179,1179.271495
-165.0,165,1179.449596
-200.0,200,1179.658241
-114.0,114,1179.779944
-191.0,191,1179.998136
-148.0,148,1180.180012
-177.0,177,1180.372021
-169.0,169,1180.552433
-143.0,143,1180.716196
-200.0,200,1180.94381
-144.0,144,1181.098382
-130.0,130,1181.239511
-169.0,169,1181.415908
-138.0,138,1181.574253
-200.0,200,1181.803248
-115.0,115,1181.930232
-128.0,128,1182.072008
-163.0,163,1182.252837
-144.0,144,1182.413563
-143.0,143,1182.566589
-132.0,132,1182.708227
-126.0,126,1182.846567
-93.0,93,1182.950567
-136.0,136,1183.09201
-151.0,151,1183.266848
-179.0,179,1183.462016
-176.0,176,1183.656228
-189.0,189,1183.914289
-144.0,144,1184.071997
-155.0,155,1184.235757
-173.0,173,1184.425633
-166.0,166,1184.610598
-198.0,198,1184.823713
-122.0,122,1184.962456
-118.0,118,1185.087856
-200.0,200,1185.299886
-187.0,187,1185.506913
-174.0,174,1185.699821
-141.0,141,1185.855366
-154.0,154,1186.01691
-126.0,126,1186.15565
-149.0,149,1186.335427
-179.0,179,1186.53153
-199.0,199,1186.742597
-144.0,144,1186.899981
-117.0,117,1187.037768
-164.0,164,1187.215039
-126.0,126,1187.355819
-129.0,129,1187.494431
-163.0,163,1187.670012
-105.0,105,1187.787948
-200.0,200,1188.00971
-192.0,192,1188.229668
-146.0,146,1188.424867
-146.0,146,1188.609435
-200.0,200,1188.833814
-165.0,165,1189.013926
-159.0,159,1189.196813
-179.0,179,1189.393375
-197.0,197,1189.619756
-163.0,163,1189.79501
-148.0,148,1189.952285
-140.0,140,1190.109886
-200.0,200,1190.322466
-190.0,190,1190.539709
-157.0,157,1190.718158
-179.0,179,1190.909629
-157.0,157,1191.085415
-152.0,152,1191.245681
-200.0,200,1191.47366
-163.0,163,1191.64732
-153.0,153,1191.819601
-200.0,200,1192.030062
-116.0,116,1192.156477
-143.0,143,1192.313969
-147.0,147,1192.493059
-156.0,156,1192.655874
-200.0,200,1192.881341
-169.0,169,1193.05655
-194.0,194,1193.266825
-200.0,200,1193.493301
-200.0,200,1193.707718
-183.0,183,1193.916486
-154.0,154,1194.089017
-191.0,191,1194.284145
-162.0,162,1194.474252
-200.0,200,1194.688278
-170.0,170,1194.877255
-200.0,200,1195.090531
-137.0,137,1195.245533
-200.0,200,1195.460559
-200.0,200,1195.684754
-93.0,93,1195.789123
-200.0,200,1195.997627
-171.0,171,1196.188919
-150.0,150,1196.346584
-200.0,200,1196.579219
-200.0,200,1196.789104
-200.0,200,1197.014873
-156.0,156,1197.188027
-146.0,146,1197.366715
-200.0,200,1197.591002
-148.0,148,1197.752895
-163.0,163,1197.976652
-144.0,144,1198.139045
-200.0,200,1198.378236
-172.0,172,1198.59922
-200.0,200,1198.818192
-161.0,161,1198.994425
-187.0,187,1199.202586
-200.0,200,1199.412717
-200.0,200,1199.640996
-150.0,150,1199.797986
-109.0,109,1199.918595
-150.0,150,1200.094426
-200.0,200,1200.305636
-199.0,199,1200.522772
-123.0,123,1200.667962
-192.0,192,1200.904651
-118.0,118,1201.045078
-182.0,182,1201.241072
-160.0,160,1201.471545
-178.0,178,1201.672425
-200.0,200,1201.898767
-153.0,153,1202.059546
-199.0,199,1202.290426
-200.0,200,1202.504809
-120.0,120,1202.642833
-192.0,192,1202.863279
-174.0,174,1203.04201
-152.0,152,1203.216415
-146.0,146,1203.373728
-140.0,140,1203.530251
-200.0,200,1203.746513
-112.0,112,1203.868869
-152.0,152,1204.041697
-154.0,154,1204.201463
-187.0,187,1204.407611
-160.0,160,1204.581062
-174.0,174,1204.773018
-169.0,169,1204.969505
-143.0,143,1205.115596
-200.0,200,1205.343429
-200.0,200,1205.557213
-200.0,200,1205.783245
-115.0,115,1205.908298
-145.0,145,1206.064864
-138.0,138,1206.223288
-184.0,184,1206.416429
-200.0,200,1206.648289
-136.0,136,1206.788955
-143.0,143,1206.953639
-200.0,200,1207.176298
-200.0,200,1207.39127
-158.0,158,1207.56863
-161.0,161,1207.744412
-110.0,110,1207.868686
-142.0,142,1208.027236
-161.0,161,1208.204376
-122.0,122,1208.342443
-180.0,180,1208.543523
-178.0,178,1208.736213
-200.0,200,1208.970367
-166.0,166,1209.147051
-153.0,153,1209.309258
-173.0,173,1209.501506
-125.0,125,1209.643034
-170.0,170,1209.833879
-200.0,200,1210.042706
-90.0,90,1210.157987
-200.0,200,1210.37128
-200.0,200,1210.597705
-95.0,95,1210.701764
-200.0,200,1210.930202
-200.0,200,1211.162477
-200.0,200,1211.370642
-168.0,168,1211.565242
-200.0,200,1211.778363
-162.0,162,1211.953373
-157.0,157,1212.123902
-134.0,134,1212.279409
-129.0,129,1212.41826
-200.0,200,1212.634945
-162.0,162,1212.808625
-179.0,179,1213.007041
-139.0,139,1213.167443
-111.0,111,1213.291953
-200.0,200,1213.523376
-200.0,200,1213.742452
-200.0,200,1213.966959
-195.0,195,1214.177453
-155.0,155,1214.337546
-150.0,150,1214.513151
-200.0,200,1214.727909
-155.0,155,1214.902268
-147.0,147,1215.063376
-123.0,123,1215.20394
-115.0,115,1215.326863
-200.0,200,1215.548819
-200.0,200,1215.76192
-151.0,151,1215.93776
-200.0,200,1216.148193
-153.0,153,1216.323855
-117.0,117,1216.445879
-112.0,112,1216.568275
-169.0,169,1216.746953
-200.0,200,1216.969065
-99.0,99,1217.075779
-104.0,104,1217.197901
-85.0,85,1217.288501
-88.0,88,1217.377989
-183.0,183,1217.58152
-151.0,151,1217.741147
-200.0,200,1217.970758
-200.0,200,1218.187218
-157.0,157,1218.356439
-148.0,148,1218.514949
-153.0,153,1218.686497
-147.0,147,1218.842095
-200.0,200,1219.065626
-154.0,154,1219.23158
-149.0,149,1219.403082
-143.0,143,1219.558601
-114.0,114,1219.682878
-173.0,173,1219.861831
-170.0,170,1220.049522
-200.0,200,1220.273233
-155.0,155,1220.459862
-182.0,182,1220.684527
-112.0,112,1220.80727
-153.0,153,1220.979126
-155.0,155,1221.152152
-200.0,200,1221.369566
-200.0,200,1221.592907
-127.0,127,1221.732705
-144.0,144,1221.889225
-200.0,200,1222.095695
-102.0,102,1222.215571
-155.0,155,1222.376838
-200.0,200,1222.603647
-183.0,183,1222.800302
-148.0,148,1222.97187
-200.0,200,1223.18265
-102.0,102,1223.292713
-114.0,114,1223.430003
-200.0,200,1223.656523
-200.0,200,1223.880219
-161.0,161,1224.054354
-160.0,160,1224.227069
-200.0,200,1224.4382
-156.0,156,1224.608938
-200.0,200,1224.821379
-103.0,103,1224.93996
-200.0,200,1225.154048
-200.0,200,1225.382844
-146.0,146,1225.541213
-153.0,153,1225.72793
-200.0,200,1226.02432
-148.0,148,1226.243706
-148.0,148,1226.458599
-147.0,147,1226.622793
-200.0,200,1226.835527
-150.0,150,1227.007622
-94.0,94,1227.099416
-154.0,154,1227.272893
-147.0,147,1227.434927
-200.0,200,1227.661296
-150.0,150,1227.818927
-94.0,94,1227.924951
-200.0,200,1228.191223
-157.0,157,1228.37358
-146.0,146,1228.532897
-138.0,138,1228.690773
-131.0,131,1228.830817
-142.0,142,1228.986804
-148.0,148,1229.145206
-151.0,151,1229.314388
-144.0,144,1229.479624
-200.0,200,1229.691584
-100.0,100,1229.809897
-147.0,147,1229.96953
-145.0,145,1230.129382
-146.0,146,1230.285667
-143.0,143,1230.440487
-156.0,156,1230.613065
-146.0,146,1230.772806
-144.0,144,1230.934442
-103.0,103,1231.053658
-145.0,145,1231.21529
-146.0,146,1231.374802
-200.0,200,1231.603662
-147.0,147,1231.76159
-154.0,154,1231.93337
-140.0,140,1232.081122
-142.0,142,1232.237597
-106.0,106,1232.357821
-200.0,200,1232.575064
-147.0,147,1232.752095
-145.0,145,1232.914865
-147.0,147,1233.074564
-153.0,153,1233.236606
-148.0,148,1233.405327
-155.0,155,1233.570612
-148.0,148,1233.746658
-148.0,148,1233.906835
-148.0,148,1234.064478
-149.0,149,1234.226011
-200.0,200,1234.452597
-200.0,200,1234.663063
-146.0,146,1234.836216
-160.0,160,1235.007911
-150.0,150,1235.175224
-149.0,149,1235.363729
-146.0,146,1235.526917
-148.0,148,1235.709965
-151.0,151,1235.879957
-146.0,146,1236.038314
-90.0,90,1236.142387
-200.0,200,1236.353694
-142.0,142,1236.513283
-200.0,200,1236.73951
-151.0,151,1236.898249
-200.0,200,1237.125911
-155.0,155,1237.287952
-200.0,200,1237.510256
-200.0,200,1237.728696
-94.0,94,1237.83475
-200.0,200,1238.058357
-146.0,146,1238.221892
-144.0,144,1238.37816
-88.0,88,1238.465934
-93.0,93,1238.569489
-155.0,155,1238.744397
-90.0,90,1238.834576
-145.0,145,1239.001694
-167.0,167,1239.230382
-149.0,149,1239.385363
-92.0,92,1239.492078
-200.0,200,1239.718399
-145.0,145,1239.877006
-94.0,94,1239.966444
-147.0,147,1240.136447
-145.0,145,1240.296741
-140.0,140,1240.440841
-144.0,144,1240.59772
-155.0,155,1240.770626
-139.0,139,1240.926723
-147.0,147,1241.090681
-143.0,143,1241.247818
-140.0,140,1241.40402
-158.0,158,1241.577896
-200.0,200,1241.794837
-149.0,149,1241.951475
-146.0,146,1242.120911
-147.0,147,1242.278926
-147.0,147,1242.433199
-146.0,146,1242.590022
-143.0,143,1242.744994
-200.0,200,1242.955133
-145.0,145,1243.126505
-147.0,147,1243.282063
-149.0,149,1243.437393
-146.0,146,1243.594251
-155.0,155,1243.771459
-200.0,200,1243.996671
-149.0,149,1244.174163
-144.0,144,1244.338962
-145.0,145,1244.499245
-112.0,112,1244.621074
-88.0,88,1244.739028
-157.0,157,1244.93689
-200.0,200,1245.161141
-102.0,102,1245.268194
-149.0,149,1245.428077
-153.0,153,1245.605112
-158.0,158,1245.779481
-144.0,144,1245.945091
-157.0,157,1246.106918
-114.0,114,1246.24205
-152.0,152,1246.400904
-156.0,156,1246.578577
-145.0,145,1246.738217
-146.0,146,1246.893957
-148.0,148,1247.050642
-200.0,200,1247.277616
-144.0,144,1247.434116
-155.0,155,1247.592727
-147.0,147,1247.767577
-148.0,148,1247.926521
-92.0,92,1248.034481
-148.0,148,1248.192963
-93.0,93,1248.298094
-142.0,142,1248.451149
-145.0,145,1248.605339
-142.0,142,1248.761008
-200.0,200,1248.973815
-149.0,149,1249.130642
-200.0,200,1249.35221
-150.0,150,1249.513753
-200.0,200,1249.736405
-145.0,145,1249.893272
-141.0,141,1250.054843
-163.0,163,1250.228256
-150.0,150,1250.389483
-148.0,148,1250.54744
-150.0,150,1250.718885
-174.0,174,1250.913061
-115.0,115,1251.035711
-157.0,157,1251.21759
-148.0,148,1251.371077
-147.0,147,1251.531732
-148.0,148,1251.68979
-151.0,151,1251.863456
-145.0,145,1252.020321
-143.0,143,1252.180501
-86.0,86,1252.269434
-151.0,151,1252.441262
-148.0,148,1252.598816
-161.0,161,1252.769761
-150.0,150,1252.927402
-148.0,148,1253.100322
-115.0,115,1253.22314
-155.0,155,1253.384772
-143.0,143,1253.542679
-112.0,112,1253.66409
-147.0,147,1253.835373
-148.0,148,1253.993218
-164.0,164,1254.176898
-138.0,138,1254.335387
-151.0,151,1254.497484
-143.0,143,1254.654232
-140.0,140,1254.811817
-118.0,118,1254.937389
-109.0,109,1255.059011
-132.0,132,1255.202338
-117.0,117,1255.339222
-111.0,111,1255.449418
-143.0,143,1255.609642
-146.0,146,1255.779828
-109.0,109,1255.889469
-104.0,104,1256.011924
-145.0,145,1256.181268
-120.0,120,1256.305707
-119.0,119,1256.493362
-114.0,114,1256.616194
-169.0,169,1256.806807
-115.0,115,1256.929909
-115.0,115,1257.052554
-113.0,113,1257.174574
-107.0,107,1257.295425
-112.0,112,1257.416823
-149.0,149,1257.574667
-93.0,93,1257.676228
-149.0,149,1257.834233
-155.0,155,1258.006908
-118.0,118,1258.132536
-110.0,110,1258.263629
-110.0,110,1258.386954
-90.0,90,1258.489788
-146.0,146,1258.643654
-108.0,108,1258.752151
-110.0,110,1258.873905
-145.0,145,1259.032383
-104.0,104,1259.149553
-144.0,144,1259.307165
-108.0,108,1259.429256
-98.0,98,1259.538835
-99.0,99,1259.643465
-112.0,112,1259.768993
-145.0,145,1259.925908
-154.0,154,1260.097374
-165.0,165,1260.279188
-111.0,111,1260.405648
-111.0,111,1260.529907
-152.0,152,1260.69233
-99.0,99,1260.79642
-109.0,109,1260.918679
-98.0,98,1261.02467
-114.0,114,1261.161442
-149.0,149,1261.33455
-143.0,143,1261.496094
-146.0,146,1261.656338
-112.0,112,1261.781307
-176.0,176,1261.972692
-110.0,110,1262.093823
-114.0,114,1262.217857
-113.0,113,1262.352039
-113.0,113,1262.479222
-117.0,117,1262.602335
-107.0,107,1262.722364
-111.0,111,1262.844466
-115.0,115,1262.965916
-87.0,87,1263.071501
-115.0,115,1263.19467
-116.0,116,1263.319294
-143.0,143,1263.473556
-88.0,88,1263.567666
-90.0,90,1263.674781
-105.0,105,1263.797857
-107.0,107,1263.906486
-109.0,109,1264.026911
-177.0,177,1264.218762
-114.0,114,1264.340366
-118.0,118,1264.486526
-123.0,123,1264.61124
-112.0,112,1264.736355
-110.0,110,1264.858995
-142.0,142,1265.016606
-150.0,150,1265.189488
-112.0,112,1265.31162
-114.0,114,1265.436478
-116.0,116,1265.562059
-112.0,112,1265.684544
-149.0,149,1265.842165
-109.0,109,1265.964018
-117.0,117,1266.089088
-145.0,145,1266.244423
-113.0,113,1266.373742
-112.0,112,1266.519143
-96.0,96,1266.632612
-95.0,95,1266.737718
-112.0,112,1266.859309
-119.0,119,1266.995639
-108.0,108,1267.117639
-150.0,150,1267.27256
-109.0,109,1267.395329
-110.0,110,1267.517966
-115.0,115,1267.640233
-108.0,108,1267.761745
-111.0,111,1267.885623
-97.0,97,1267.990357
-114.0,114,1268.11106
-109.0,109,1268.232309
-111.0,111,1268.34079
-152.0,152,1268.525303
-120.0,120,1268.651706
-110.0,110,1268.773664
-124.0,124,1268.912339
-109.0,109,1269.033932
-109.0,109,1269.152755
-108.0,108,1269.259719
-110.0,110,1269.382131
-114.0,114,1269.504926
-121.0,121,1269.643702
-174.0,174,1269.836981
-110.0,110,1269.957843
-112.0,112,1270.080041
-109.0,109,1270.202566
-111.0,111,1270.334158
-114.0,114,1270.455728
-108.0,108,1270.572285
-115.0,115,1270.708485
-111.0,111,1270.834816
-109.0,109,1270.944265
-114.0,114,1271.067875
-111.0,111,1271.191339
-116.0,116,1271.338794
-111.0,111,1271.465255
-112.0,112,1271.593482
-109.0,109,1271.700579
-113.0,113,1271.822061
-123.0,123,1271.960236
-113.0,113,1272.082713
-124.0,124,1272.222799
-115.0,115,1272.346287
-116.0,116,1272.469241
-110.0,110,1272.59279
-114.0,114,1272.727276
-109.0,109,1272.849282
-117.0,117,1272.987069
-112.0,112,1273.108768
-113.0,113,1273.241951
-120.0,120,1273.36445
-110.0,110,1273.486024
-110.0,110,1273.608836
-118.0,118,1273.733579
-113.0,113,1273.856659
-115.0,115,1273.979516
-121.0,121,1274.115294
-113.0,113,1274.23784
-111.0,111,1274.416617
-113.0,113,1274.538174
-133.0,133,1274.684356
-112.0,112,1274.806963
-110.0,110,1274.931551
-110.0,110,1275.05676
-110.0,110,1275.177466
-121.0,121,1275.315072
-117.0,117,1275.438765
-152.0,152,1275.594635
-120.0,120,1275.73319
-108.0,108,1275.853945
-114.0,114,1275.978176
-112.0,112,1276.0974
-112.0,112,1276.220626
-111.0,111,1276.341944
-112.0,112,1276.467031
-114.0,114,1276.592192
-162.0,162,1276.776985
-110.0,110,1276.897589
-113.0,113,1277.022182
-112.0,112,1277.146197
-114.0,114,1277.27121
-110.0,110,1277.396322
-114.0,114,1277.520907
-110.0,110,1277.644381
-198.0,198,1277.857436
-115.0,115,1278.024095
-130.0,130,1278.227207
-113.0,113,1278.463946
-113.0,113,1278.610643
-113.0,113,1278.735363
-115.0,115,1278.863299
-114.0,114,1278.989856
-129.0,129,1279.127677
-110.0,110,1279.249076
-154.0,154,1279.420335
-111.0,111,1279.541954
-119.0,119,1279.662457
-110.0,110,1279.788615
-176.0,176,1279.981844
-149.0,149,1280.141088
-113.0,113,1280.295083
-121.0,121,1280.467928
-122.0,122,1280.596087
-116.0,116,1280.7332
-113.0,113,1280.863274
-112.0,112,1280.987871
-113.0,113,1281.114418
-119.0,119,1281.23863
-114.0,114,1281.360838
-111.0,111,1281.495271
-113.0,113,1281.619468
-117.0,117,1281.756221
-115.0,115,1281.880331
-134.0,134,1282.021857
-200.0,200,1282.247782
-126.0,126,1282.387201
-117.0,117,1282.509336
-118.0,118,1282.631724
-114.0,114,1282.755207
-115.0,115,1282.897981
-117.0,117,1283.023079
-200.0,200,1283.236484
-118.0,118,1283.370943
-188.0,188,1283.582689
-119.0,119,1283.702633
-118.0,118,1283.826596
-113.0,113,1283.950298
-115.0,115,1284.087741
-114.0,114,1284.209016
-191.0,191,1284.415152
-111.0,111,1284.540804
-122.0,122,1284.670063
-119.0,119,1284.81491
-112.0,112,1284.949463
-125.0,125,1285.09705
-144.0,144,1285.259583
-122.0,122,1285.394039
-114.0,114,1285.518293
-113.0,113,1285.641711
-124.0,124,1285.779863
-120.0,120,1285.917665
-193.0,193,1286.127449
-132.0,132,1286.267124
-113.0,113,1286.387357
-111.0,111,1286.508185
-113.0,113,1286.630537
-132.0,132,1286.773543
-116.0,116,1286.896645
-114.0,114,1287.041684
-114.0,114,1287.162415
-114.0,114,1287.284481
-113.0,113,1287.406497
-117.0,117,1287.594087
-131.0,131,1287.746353
-188.0,188,1287.962201
-109.0,109,1288.088084
-112.0,112,1288.209249
-153.0,153,1288.383379
-150.0,150,1288.546123
-119.0,119,1288.671781
-111.0,111,1288.792236
-119.0,119,1288.932034
-112.0,112,1289.063266
-136.0,136,1289.208784
-110.0,110,1289.332117
-123.0,123,1289.474528
-112.0,112,1289.595678
-114.0,114,1289.717251
-116.0,116,1289.840792
-124.0,124,1289.980554
-114.0,114,1290.103681
-111.0,111,1290.224446
-111.0,111,1290.348557
-113.0,113,1290.470802
-113.0,113,1290.59434
-113.0,113,1290.718515
-140.0,140,1290.873531
-200.0,200,1291.083901
-110.0,110,1291.213214
-114.0,114,1291.337224
-110.0,110,1291.458596
-109.0,109,1291.592006
-140.0,140,1291.796441
-111.0,111,1291.919675
-110.0,110,1292.043544
-112.0,112,1292.166109
-111.0,111,1292.289335
-109.0,109,1292.397387
-127.0,127,1292.533862
-198.0,198,1292.757133
-117.0,117,1292.881569
-143.0,143,1293.044416
-113.0,113,1293.171434
-127.0,127,1293.313614
-200.0,200,1293.525822
-110.0,110,1293.647201
-109.0,109,1293.768582
-115.0,115,1293.890106
-122.0,122,1294.028933
-110.0,110,1294.150094
-115.0,115,1294.27164
-113.0,113,1294.393648
-122.0,122,1294.530242
-113.0,113,1294.652583
-117.0,117,1294.778151
-116.0,116,1294.902261
-114.0,114,1295.026814
-118.0,118,1295.163004
-114.0,114,1295.291464
-110.0,110,1295.412116
-113.0,113,1295.536291
-114.0,114,1295.659185
-111.0,111,1295.790224
-122.0,122,1295.937332
-115.0,115,1296.064828
-121.0,121,1296.194045
-127.0,127,1296.343142
-119.0,119,1296.527303
-118.0,118,1296.657843
-112.0,112,1296.782331
-108.0,108,1296.904244
-110.0,110,1297.035886
-107.0,107,1297.145082
-148.0,148,1297.323381
-108.0,108,1297.432185
-108.0,108,1297.554301
-113.0,113,1297.676033
-84.0,84,1297.766783
-121.0,121,1297.903194
-107.0,107,1298.026085
-142.0,142,1298.183047
-110.0,110,1298.290553
-115.0,115,1298.426826
-108.0,108,1298.538805
-147.0,147,1298.712574
-109.0,109,1298.823914
-139.0,139,1298.979009
-146.0,146,1299.148167
-112.0,112,1299.282767
-116.0,116,1299.429229
-108.0,108,1299.554094
-108.0,108,1299.682732
-109.0,109,1299.808486
-116.0,116,1299.935312
-145.0,145,1300.105633
-104.0,104,1300.239431
-141.0,141,1300.408635
-143.0,143,1300.568488
-113.0,113,1300.690849
-139.0,139,1300.849512
-148.0,148,1301.010534
-110.0,110,1301.137399
-147.0,147,1301.307813
-139.0,139,1301.476529
-108.0,108,1301.612223
-148.0,148,1301.782
-110.0,110,1301.909549
-140.0,140,1302.092223
-112.0,112,1302.224775
-114.0,114,1302.428873
-112.0,112,1302.557462
-112.0,112,1302.697421
-142.0,142,1302.882509
-145.0,145,1303.048188
-106.0,106,1303.160178
-108.0,108,1303.288028
-176.0,176,1303.515467
-144.0,144,1303.673451
-142.0,142,1303.849401
-93.0,93,1303.955593
-110.0,110,1304.084648
-96.0,96,1304.205762
-141.0,141,1304.351272
-141.0,141,1304.537617
-141.0,141,1304.723422
-123.0,123,1304.887121
-108.0,108,1305.024199
-113.0,113,1305.160059
-143.0,143,1305.337448
-136.0,136,1305.496133
-136.0,136,1305.668175
-138.0,138,1305.83129
-142.0,142,1306.006556
-138.0,138,1306.177992
-137.0,137,1306.334273
-140.0,140,1306.509937
-152.0,152,1306.676462
-133.0,133,1306.83925
-150.0,150,1307.014293
-143.0,143,1307.187952
-152.0,152,1307.377022
-105.0,105,1307.500451
-111.0,111,1307.646736
-143.0,143,1307.820044
-143.0,143,1307.987046
-90.0,90,1308.095055
-144.0,144,1308.265107
-140.0,140,1308.422484
-142.0,142,1308.606324
-143.0,143,1308.765246
-95.0,95,1308.869222
-141.0,141,1309.032383
-126.0,126,1309.176877
-141.0,141,1309.332529
-143.0,143,1309.487705
-141.0,141,1309.630786
-147.0,147,1309.809164
-134.0,134,1309.957069
-142.0,142,1310.117085
-145.0,145,1310.294105
-124.0,124,1310.453196
-139.0,139,1310.618924
-142.0,142,1310.77641
-151.0,151,1310.958456
-150.0,150,1311.12855
-137.0,137,1311.341232
-143.0,143,1311.617262
-146.0,146,1311.936585
-139.0,139,1312.148048
-148.0,148,1312.339748
-196.0,196,1312.572206
-140.0,140,1312.740616
-142.0,142,1312.890285
-141.0,141,1313.057764
-137.0,137,1313.219313
-139.0,139,1313.370911
-143.0,143,1313.533428
-110.0,110,1313.697051
-140.0,140,1313.90525
-144.0,144,1314.065475
-144.0,144,1314.224395
-155.0,155,1314.402469
-142.0,142,1314.559355
-148.0,148,1314.717915
-138.0,138,1314.859776
-138.0,138,1315.017016
-141.0,141,1315.175712
-152.0,152,1315.337443
-195.0,195,1315.56827
-162.0,162,1315.741511
-140.0,140,1315.908048
-142.0,142,1316.082385
-164.0,164,1316.274286
-143.0,143,1316.445548
-139.0,139,1316.607222
-138.0,138,1316.770443
-144.0,144,1316.938233
-142.0,142,1317.102057
-144.0,144,1317.260693
-200.0,200,1317.481201
-144.0,144,1317.64499
-145.0,145,1317.813789
-122.0,122,1317.980385
-145.0,145,1318.154109
-139.0,139,1318.330089
-150.0,150,1318.504379
-138.0,138,1318.672212
-167.0,167,1318.865825
-157.0,157,1319.046974
-142.0,142,1319.211247
-165.0,165,1319.397379
-146.0,146,1319.55708
-146.0,146,1319.723383
-148.0,148,1319.907346
-143.0,143,1320.083368
-138.0,138,1320.232892
-95.0,95,1320.337971
-91.0,91,1320.451961
-139.0,139,1320.671851
-200.0,200,1320.965223
-89.0,89,1321.075266
-141.0,141,1321.231848
-138.0,138,1321.403513
-129.0,129,1321.544988
-142.0,142,1321.709493
-167.0,167,1321.901606
-116.0,116,1322.057566
-100.0,100,1322.166513
-137.0,137,1322.316598
-142.0,142,1322.479268
-139.0,139,1322.638021
-141.0,141,1322.793883
-138.0,138,1322.937505
-140.0,140,1323.094662
-140.0,140,1323.25458
-140.0,140,1323.42904
-144.0,144,1323.629727
-139.0,139,1323.787126
-139.0,139,1323.951344
-137.0,137,1324.123655
-139.0,139,1324.285715
-113.0,113,1324.421058
-146.0,146,1324.588623
-146.0,146,1324.780417
-164.0,164,1324.968542
-137.0,137,1325.123535
-143.0,143,1325.294799
-200.0,200,1325.545542
-139.0,139,1325.710441
-140.0,140,1325.870256
-140.0,140,1326.043546
-145.0,145,1326.242417
-141.0,141,1326.412989
-143.0,143,1326.586598
-143.0,143,1326.746967
-142.0,142,1326.902734
-136.0,136,1327.044378
-111.0,111,1327.226603
-169.0,169,1327.419011
-138.0,138,1327.56345
-175.0,175,1327.754655
-142.0,142,1327.912585
-140.0,140,1328.069235
-159.0,159,1328.25538
-151.0,151,1328.414658
-146.0,146,1328.571716
-139.0,139,1328.727004
-141.0,141,1328.885926
-159.0,159,1329.061995
-140.0,140,1329.219315
-147.0,147,1329.387277
-138.0,138,1329.538704
-141.0,141,1329.707396
-144.0,144,1329.908197
-171.0,171,1330.153996
-154.0,154,1330.357521
-143.0,143,1330.564505
-144.0,144,1330.728431
-172.0,172,1330.952702
-138.0,138,1331.122599
-139.0,139,1331.285395
-172.0,172,1331.527615
-138.0,138,1331.733588
-141.0,141,1331.921829
-143.0,143,1332.111268
-146.0,146,1332.29875
-140.0,140,1332.480609
-146.0,146,1332.668411
-139.0,139,1332.823082
-146.0,146,1332.992542
-141.0,141,1333.168943
-95.0,95,1333.290297
-147.0,147,1333.462949
-149.0,149,1333.660527
-138.0,138,1333.8216
-143.0,143,1333.98982
-139.0,139,1334.148017
-136.0,136,1334.294541
-156.0,156,1334.478826
-139.0,139,1334.634572
-146.0,146,1334.796012
-141.0,141,1334.955576
-140.0,140,1335.12648
-144.0,144,1335.289714
-146.0,146,1335.461543
-139.0,139,1335.620993
-143.0,143,1335.814431
-98.0,98,1335.960084
-140.0,140,1336.15165
-146.0,146,1336.913668
-143.0,143,1337.287077
-141.0,141,1337.465797
-145.0,145,1337.640738
-146.0,146,1337.965256
-142.0,142,1338.215731
-169.0,169,1338.525381
-142.0,142,1338.764195
-147.0,147,1338.943193
-153.0,153,1339.117843
-134.0,134,1339.283854
-143.0,143,1339.481288
-145.0,145,1339.934991
-176.0,176,1340.213325
-168.0,168,1340.420772
-142.0,142,1340.61363
-141.0,141,1340.874688
-144.0,144,1341.113436
-184.0,184,1341.40125
-146.0,146,1341.580659
-145.0,145,1341.768565
-156.0,156,1341.943913
-145.0,145,1342.108474
-121.0,121,1342.260129
-139.0,139,1342.428483
-148.0,148,1342.600023
-143.0,143,1342.771415
-146.0,146,1343.00393
-147.0,147,1343.310731
-140.0,140,1343.531713
-148.0,148,1343.730772
-141.0,141,1343.901139
-148.0,148,1344.088705
-147.0,147,1344.259108
-141.0,141,1344.430492
-142.0,142,1344.607227
-158.0,158,1344.801976
-139.0,139,1344.988542
-154.0,154,1345.159847
-148.0,148,1345.338205
-146.0,146,1345.617725
-146.0,146,1345.825186
-90.0,90,1345.919839
-142.0,142,1346.083626
-147.0,147,1346.251164
-139.0,139,1346.436625
-146.0,146,1346.638142
-144.0,144,1346.825519
-146.0,146,1347.016874
-88.0,88,1347.133034
-172.0,172,1347.451032
-142.0,142,1347.618851
-150.0,150,1347.83639
-145.0,145,1348.034947
-151.0,151,1348.423797
-108.0,108,1348.606605
-153.0,153,1348.980306
-147.0,147,1349.174037
-196.0,196,1349.420774
-151.0,151,1349.611664
-133.0,133,1349.75238
-151.0,151,1349.916895
-144.0,144,1350.089729
-150.0,150,1350.270647
-156.0,156,1350.444905
-111.0,111,1350.575994
-94.0,94,1350.687054
-178.0,178,1350.885377
-149.0,149,1351.063605
-92.0,92,1351.156331
-143.0,143,1351.313275
-155.0,155,1351.488675
-152.0,152,1351.659558
-143.0,143,1351.806443
-166.0,166,1351.998121
-146.0,146,1352.155548
-154.0,154,1352.33076
-149.0,149,1352.48924
-152.0,152,1352.666257
-118.0,118,1352.839066
-104.0,104,1352.966949
-122.0,122,1353.138041
-145.0,145,1353.305878
-139.0,139,1353.467262
-148.0,148,1353.626012
-147.0,147,1353.78793
-126.0,126,1353.935672
-148.0,148,1354.100142
-144.0,144,1354.25836
-147.0,147,1354.423
-147.0,147,1354.613958
-143.0,143,1354.782041
-106.0,106,1354.897472
-164.0,164,1355.083984
-150.0,150,1355.272088
-92.0,92,1355.393013
-143.0,143,1355.544662
-149.0,149,1355.741403
-146.0,146,1355.925201
-158.0,158,1356.114975
-146.0,146,1356.280119
-153.0,153,1356.450486
-145.0,145,1356.629184
-146.0,146,1356.796765
-146.0,146,1356.976711
-150.0,150,1357.152485
-144.0,144,1357.336766
-139.0,139,1357.559744
-145.0,145,1357.740055
-145.0,145,1357.910974
-166.0,166,1358.114884
-148.0,148,1358.30852
-122.0,122,1358.503064
-173.0,173,1358.715261
-154.0,154,1358.899464
-154.0,154,1359.062374
-163.0,163,1359.241288
-151.0,151,1359.434738
-143.0,143,1359.596393
-156.0,156,1359.79037
-153.0,153,1359.963719
-149.0,149,1360.141411
-159.0,159,1360.345916
-155.0,155,1360.534665
-124.0,124,1360.680348
-120.0,120,1360.809363
-144.0,144,1360.973719
-151.0,151,1361.154579
-148.0,148,1361.326105
-145.0,145,1361.502294
-91.0,91,1361.622141
-156.0,156,1361.819866
-153.0,153,1362.006247
-144.0,144,1362.193661
-150.0,150,1362.383258
-150.0,150,1362.579453
-150.0,150,1362.762888
-146.0,146,1362.958461
-149.0,149,1363.146714
-149.0,149,1363.313165
-142.0,142,1363.547881
-155.0,155,1363.752928
-147.0,147,1363.942261
-88.0,88,1364.03686
-123.0,123,1364.180539
-147.0,147,1364.336813
-187.0,187,1364.537162
-166.0,166,1364.717463
-145.0,145,1364.877751
-152.0,152,1365.044034
-125.0,125,1365.176265
-144.0,144,1365.326529
-175.0,175,1365.502832
-148.0,148,1365.669134
-157.0,157,1365.835422
-163.0,163,1366.003725
-198.0,198,1366.2077
-143.0,143,1366.35737
-120.0,120,1366.489529
-150.0,150,1366.641206
-147.0,147,1366.789127
-147.0,147,1366.940794
-126.0,126,1367.074963
-145.0,145,1367.224635
-147.0,147,1367.376565
-120.0,120,1367.506711
-95.0,95,1367.61515
-151.0,151,1367.76884
-145.0,145,1367.920516
-145.0,145,1368.072459
-149.0,149,1368.235929
-146.0,146,1368.387906
-149.0,149,1368.537586
-120.0,120,1368.669752
-148.0,148,1368.821413
-146.0,146,1368.971347
-166.0,166,1369.142781
-160.0,160,1369.312224
-151.0,151,1369.492419
-147.0,147,1369.658186
-146.0,146,1369.807879
-86.0,86,1369.906505
-148.0,148,1370.120916
-118.0,118,1370.34208
-160.0,160,1370.541733
-147.0,147,1370.717738
-152.0,152,1370.922347
-146.0,146,1371.09639
-84.0,84,1371.189158
-148.0,148,1371.360219
-143.0,143,1371.540001
-152.0,152,1371.731868
-141.0,141,1371.894532
-169.0,169,1372.076007
-154.0,154,1372.250591
-105.0,105,1372.363729
-144.0,144,1372.525161
-145.0,145,1372.700494
-140.0,140,1372.84193
-149.0,149,1373.019514
-157.0,157,1373.182342
-153.0,153,1373.353576
-154.0,154,1373.532097
-150.0,150,1373.692783
-146.0,146,1373.855834
-152.0,152,1374.038149
-149.0,149,1374.203123
-162.0,162,1374.380899
-148.0,148,1374.598962
-149.0,149,1374.780245
-149.0,149,1374.997149
-147.0,147,1375.19904
-112.0,112,1375.328737
-144.0,144,1375.499011
-152.0,152,1375.690715
-150.0,150,1375.866062
-150.0,150,1376.031562
-157.0,157,1376.259806
-145.0,145,1376.456926
-95.0,95,1376.599664
-150.0,150,1376.817941
-89.0,89,1376.912374
-146.0,146,1377.087544
-154.0,154,1377.27066
-151.0,151,1377.442561
-152.0,152,1377.626424
-146.0,146,1377.793189
-149.0,149,1377.973385
-151.0,151,1378.150989
-147.0,147,1378.315343
-146.0,146,1378.47959
-151.0,151,1378.64289
-146.0,146,1378.833755
-148.0,148,1379.013922
-147.0,147,1379.19694
-149.0,149,1379.365469
-153.0,153,1379.551318
-149.0,149,1379.716518
-148.0,148,1379.893228
-144.0,144,1380.069317
-187.0,187,1380.297511
-147.0,147,1380.474602
-154.0,154,1380.663694
-149.0,149,1380.852285
-151.0,151,1381.040173
-146.0,146,1381.279441
-148.0,148,1381.462178
-148.0,148,1381.648469
-150.0,150,1381.828829
-142.0,142,1382.00616
-147.0,147,1382.175707
-148.0,148,1382.360815
-107.0,107,1382.492892
-169.0,169,1382.686595
-147.0,147,1382.860049
-149.0,149,1383.050436
-150.0,150,1383.222748
-143.0,143,1383.406925
-146.0,146,1383.575062
-94.0,94,1383.856908
-152.0,152,1384.178289
-149.0,149,1384.385805
-149.0,149,1384.563651
-151.0,151,1384.746399
-146.0,146,1384.920776
-149.0,149,1385.089674
-148.0,148,1385.253877
-145.0,145,1385.421011
-147.0,147,1385.596934
-101.0,101,1385.705986
-154.0,154,1385.867992
-99.0,99,1385.996727
-92.0,92,1386.091747
-154.0,154,1386.278227
-159.0,159,1386.46102
-148.0,148,1386.627159
-152.0,152,1386.806121
-140.0,140,1386.953244
-153.0,153,1387.136494
-163.0,163,1387.323237
-149.0,149,1387.500551
-94.0,94,1387.594564
-153.0,153,1387.774177
-182.0,182,1387.972523
-144.0,144,1388.136187
-145.0,145,1388.30571
-145.0,145,1388.469562
-157.0,157,1388.647192
-152.0,152,1388.823644
-167.0,167,1389.015642
-149.0,149,1389.191636
-156.0,156,1389.354055
-148.0,148,1389.532969
-144.0,144,1389.69342
-146.0,146,1389.854154
-149.0,149,1390.016498
-150.0,150,1390.182167
-146.0,146,1390.35876
-145.0,145,1390.546515
-141.0,141,1390.708606
-150.0,150,1390.900303
-162.0,162,1391.081265
-144.0,144,1391.243735
-145.0,145,1391.405188
-142.0,142,1391.56611
-158.0,158,1391.746368
-154.0,154,1391.91259
-148.0,148,1392.089842
-146.0,146,1392.252691
-146.0,146,1392.425462
-143.0,143,1392.588673
-152.0,152,1392.754064
-149.0,149,1392.927579
-152.0,152,1393.091244
-147.0,147,1393.313964
-148.0,148,1393.481399
-147.0,147,1393.659081
-148.0,148,1393.827364
-146.0,146,1393.988913
-93.0,93,1394.09547
-101.0,101,1394.215957
-155.0,155,1394.406186
-144.0,144,1394.565531
-144.0,144,1394.722606
-159.0,159,1394.897794
-173.0,173,1395.093183
-144.0,144,1395.253584
-144.0,144,1395.41115
-155.0,155,1395.572998
-170.0,170,1395.802447
-86.0,86,1395.904452
-144.0,144,1396.063832
-144.0,144,1396.2195
-176.0,176,1396.41515
-162.0,162,1396.602665
-146.0,146,1396.774614
-150.0,150,1396.935052
-146.0,146,1397.095696
-148.0,148,1397.256202
-176.0,176,1397.448333
-142.0,142,1397.619016
-101.0,101,1397.731931
-143.0,143,1397.899741
-148.0,148,1398.124618
-146.0,146,1398.295779
-99.0,99,1398.400857
-144.0,144,1398.569749
-146.0,146,1398.726817
-140.0,140,1398.884894
-107.0,107,1399.006931
-148.0,148,1399.166478
-143.0,143,1399.32282
-147.0,147,1399.48106
-175.0,175,1399.675779
-182.0,182,1399.865913
-147.0,147,1400.024634
-155.0,155,1400.202447
-146.0,146,1400.359629
-142.0,142,1400.51699
-160.0,160,1400.70076
-166.0,166,1400.877988
-164.0,164,1401.067752
-143.0,143,1401.224845
-150.0,150,1401.383783
-141.0,141,1401.539754
-170.0,170,1401.720223
-177.0,177,1401.932493
-142.0,142,1402.082168
-150.0,150,1402.26049
-164.0,164,1402.466905
-148.0,148,1402.666269
-143.0,143,1402.827228
-145.0,145,1402.99117
-173.0,173,1403.183172
-141.0,141,1403.34119
-90.0,90,1403.444226
-200.0,200,1403.661825
-98.0,98,1403.770737
-143.0,143,1403.927758
-145.0,145,1404.084902
-143.0,143,1404.243386
-146.0,146,1404.413765
-100.0,100,1404.520842
-167.0,167,1404.722961
-148.0,148,1404.882825
-107.0,107,1405.004345
-91.0,91,1405.108324
-88.0,88,1405.198621
-146.0,146,1405.359437
-191.0,191,1405.569638
-143.0,143,1405.736542
-147.0,147,1405.894089
-151.0,151,1406.069084
-148.0,148,1406.225984
-148.0,148,1406.384137
-194.0,194,1406.595052
-96.0,96,1406.703379
-175.0,175,1406.904494
-146.0,146,1407.064006
-144.0,144,1407.222414
-154.0,154,1407.400484
-162.0,162,1407.576193
-189.0,189,1407.787508
-146.0,146,1407.948437
-156.0,156,1408.123255
-143.0,143,1408.28407
-145.0,145,1408.443062
-148.0,148,1408.605479
-180.0,180,1408.807
-142.0,142,1408.967251
-144.0,144,1409.125774
-151.0,151,1409.301573
-155.0,155,1409.464263
-156.0,156,1409.64124
-161.0,161,1409.819903
-171.0,171,1410.008883
-146.0,146,1410.167101
-150.0,150,1410.326075
-146.0,146,1410.484048
-151.0,151,1410.655298
-179.0,179,1410.858124
-190.0,190,1411.070879
-150.0,150,1411.22976
-146.0,146,1411.388
-149.0,149,1411.559834
-187.0,187,1411.757556
-186.0,186,1412.023543
-176.0,176,1412.21771
-160.0,160,1412.392291
-152.0,152,1412.563616
-188.0,188,1412.759554
-86.0,86,1412.86211
-175.0,175,1413.061839
-146.0,146,1413.218163
-200.0,200,1413.426873
-200.0,200,1413.657359
-156.0,156,1413.822718
-157.0,157,1414.005813
-147.0,147,1414.176385
-162.0,162,1414.382329
-153.0,153,1414.550735
-153.0,153,1414.726808
-200.0,200,1414.951571
-188.0,188,1415.173142
-154.0,154,1415.346494
-183.0,183,1415.547318
-152.0,152,1415.723248
-146.0,146,1415.883814
-155.0,155,1416.045362
-157.0,157,1416.224994
-192.0,192,1416.440042
-152.0,152,1416.618533
-200.0,200,1416.834448
-162.0,162,1417.031587
-146.0,146,1417.197567
-146.0,146,1417.374655
-189.0,189,1417.575754
-154.0,154,1417.755672
-193.0,193,1417.970221
-181.0,181,1418.167101
-150.0,150,1418.343379
-157.0,157,1418.520199
-189.0,189,1418.721421
-155.0,155,1418.89893
-155.0,155,1419.083548
-200.0,200,1419.300732
-173.0,173,1419.495394
-175.0,175,1419.690981
-159.0,159,1419.867237
-195.0,195,1420.089347
-194.0,194,1420.310646
-153.0,153,1420.487616
-87.0,87,1420.579862
-152.0,152,1420.762378
-152.0,152,1420.923527
-164.0,164,1421.102978
-156.0,156,1421.288879
-151.0,151,1421.466026
-162.0,162,1421.655013
-123.0,123,1421.782003
-147.0,147,1421.95533
-151.0,151,1422.11671
-148.0,148,1422.277626
-162.0,162,1422.453649
-188.0,188,1422.660999
-162.0,162,1422.840166
-164.0,164,1423.030063
-150.0,150,1423.197032
-103.0,103,1423.305548
-164.0,164,1423.497782
-193.0,193,1423.708592
-152.0,152,1423.86808
-102.0,102,1423.99
-171.0,171,1424.166422
-200.0,200,1424.390366
-200.0,200,1424.617777
-181.0,181,1424.824905
-200.0,200,1425.036015
-155.0,155,1425.211706
-200.0,200,1425.432372
-99.0,99,1425.539748
-152.0,152,1425.711076
-181.0,181,1425.904487
-192.0,192,1426.1155
-149.0,149,1426.28724
-200.0,200,1426.499513
-151.0,151,1426.672805
-177.0,177,1426.864987
-93.0,93,1426.955626
-174.0,174,1427.146807
-156.0,156,1427.331712
-109.0,109,1427.454676
-188.0,188,1427.66355
-185.0,185,1427.856976
-94.0,94,1427.96104
-193.0,193,1428.171188
-200.0,200,1428.400847
-186.0,186,1428.599168
-101.0,101,1428.719985
-149.0,149,1428.876753
-166.0,166,1429.053633
-151.0,151,1429.227526
-146.0,146,1429.399897
-160.0,160,1429.575478
-89.0,89,1429.665698
-160.0,160,1429.842009
-200.0,200,1430.068056
-148.0,148,1430.226428
-183.0,183,1430.435472
-200.0,200,1430.705648
-170.0,170,1430.898278
-154.0,154,1431.059492
-170.0,170,1431.254311
-164.0,164,1431.444417
-186.0,186,1431.656666
-147.0,147,1431.818964
-148.0,148,1431.974826
-178.0,178,1432.167348
-146.0,146,1432.326658
-198.0,198,1432.551493
-100.0,100,1432.673959
-158.0,158,1432.86456
-152.0,152,1433.098235
-145.0,145,1433.365907
-97.0,97,1433.530401
-151.0,151,1433.678782
-121.0,121,1433.800939
-100.0,100,1433.893479
-147.0,147,1434.038743
-156.0,156,1434.229796
-149.0,149,1434.452317
-91.0,91,1434.550288
-91.0,91,1434.640706
-147.0,147,1434.795565
-94.0,94,1434.887985
-149.0,149,1435.029526
-158.0,158,1435.205479
-187.0,187,1435.398642
-183.0,183,1435.589584
-150.0,150,1435.738218
-171.0,171,1435.904188
-149.0,149,1436.042762
-158.0,158,1436.194322
-181.0,181,1436.367775
-175.0,175,1436.538011
-185.0,185,1436.724634
-151.0,151,1436.866994
-147.0,147,1437.014912
-155.0,155,1437.148717
-180.0,180,1437.311198
-160.0,160,1437.458166
-195.0,195,1437.651218
-167.0,167,1437.80084
-186.0,186,1437.975266
-154.0,154,1438.108254
-181.0,181,1438.282176
-143.0,143,1438.417204
-152.0,152,1438.54985
-152.0,152,1438.693577
-157.0,157,1438.829165
-137.0,137,1438.962045
-183.0,183,1439.124838
-150.0,150,1439.268531
-166.0,166,1439.418822
-183.0,183,1439.594029
-100.0,100,1439.694031
-163.0,163,1439.850317
-104.0,104,1439.955716
-158.0,158,1440.099119
-91.0,91,1440.213089
-145.0,145,1440.360113
-146.0,146,1440.492829
-154.0,154,1440.640487
-190.0,190,1440.823644
-160.0,160,1440.976158
-150.0,150,1441.109293
-149.0,149,1441.243404
-178.0,178,1441.418099
-161.0,161,1441.565747
-200.0,200,1441.751108
-185.0,185,1441.927182
-190.0,190,1442.106655
-170.0,170,1442.256731
-162.0,162,1442.406418
-173.0,173,1442.569674
-140.0,140,1442.701536
-150.0,150,1442.83711
-163.0,163,1442.98366
-147.0,147,1443.129339
-150.0,150,1443.262942
-155.0,155,1443.41236
-156.0,156,1443.551829
-200.0,200,1443.742392
-141.0,141,1443.880745
-144.0,144,1444.014614
-154.0,154,1444.148423
-151.0,151,1444.294456
-190.0,190,1444.472706
-163.0,163,1444.625193
-88.0,88,1444.707727
-147.0,147,1444.855393
-106.0,106,1444.947345
-98.0,98,1445.036239
-180.0,180,1445.209126
-143.0,143,1445.341398
-183.0,183,1445.511103
-91.0,91,1445.598328
-145.0,145,1445.732808
-147.0,147,1445.880074
-151.0,151,1446.019513
-160.0,160,1446.174118
-190.0,190,1446.35868
-182.0,182,1446.539547
-145.0,145,1446.679202
-149.0,149,1446.820024
-164.0,164,1446.973501
-106.0,106,1447.079557
-184.0,184,1447.251453
-175.0,175,1447.419832
-190.0,190,1447.604789
-151.0,151,1447.754804
-149.0,149,1447.900614
-149.0,149,1448.039984
-151.0,151,1448.191832
-149.0,149,1448.334286
-148.0,148,1448.478897
-100.0,100,1448.570457
-146.0,146,1448.721093
-156.0,156,1448.867403
-143.0,143,1449.068593
-179.0,179,1449.243212
-168.0,168,1449.447535
-151.0,151,1449.607362
-145.0,145,1449.746651
-155.0,155,1449.900404
-155.0,155,1450.062716
-150.0,150,1450.204657
-188.0,188,1450.384237
-112.0,112,1450.49313
-147.0,147,1450.633448
-148.0,148,1450.775123
-150.0,150,1450.927748
-97.0,97,1451.020233
-152.0,152,1451.159358
-148.0,148,1451.309366
-187.0,187,1451.481807
-143.0,143,1451.619882
-139.0,139,1451.755871
-145.0,145,1451.895688
-149.0,149,1452.037863
-173.0,173,1452.203582
-152.0,152,1452.355202
