episode,adversary_0,adversary_1,adversary_2
0,0.0,0.0,0.0
1,30.0,30.0,30.0
2,0.0,0.0,0.0
3,30.0,30.0,30.0
4,30.0,30.0,30.0
5,0.0,0.0,0.0
6,30.0,30.0,30.0
7,0.0,0.0,0.0
8,0.0,0.0,0.0
9,60.0,60.0,60.0
10,70.0,70.0,70.0
11,110.0,110.0,110.0
12,20.0,20.0,20.0
13,20.0,20.0,20.0
14,0.0,0.0,0.0
15,30.0,30.0,30.0
16,0.0,0.0,0.0
17,0.0,0.0,0.0
18,0.0,0.0,0.0
19,0.0,0.0,0.0
20,0.0,0.0,0.0
21,0.0,0.0,0.0
22,0.0,0.0,0.0
23,30.0,30.0,30.0
24,0.0,0.0,0.0
25,0.0,0.0,0.0
26,0.0,0.0,0.0
27,70.0,70.0,70.0
28,0.0,0.0,0.0
29,0.0,0.0,0.0
30,0.0,0.0,0.0
31,30.0,30.0,30.0
32,0.0,0.0,0.0
33,0.0,0.0,0.0
34,20.0,20.0,20.0
35,0.0,0.0,0.0
36,0.0,0.0,0.0
37,110.0,110.0,110.0
38,30.0,30.0,30.0
39,90.0,90.0,90.0
40,0.0,0.0,0.0
41,0.0,0.0,0.0
42,30.0,30.0,30.0
43,50.0,50.0,50.0
44,0.0,0.0,0.0
45,40.0,40.0,40.0
46,20.0,20.0,20.0
47,0.0,0.0,0.0
48,0.0,0.0,0.0
49,0.0,0.0,0.0
50,0.0,0.0,0.0
51,0.0,0.0,0.0
52,30.0,30.0,30.0
53,0.0,0.0,0.0
54,0.0,0.0,0.0
55,40.0,40.0,40.0
56,0.0,0.0,0.0
57,30.0,30.0,30.0
58,0.0,0.0,0.0
59,0.0,0.0,0.0
60,40.0,40.0,40.0
61,30.0,30.0,30.0
62,0.0,0.0,0.0
63,20.0,20.0,20.0
64,0.0,0.0,0.0
65,0.0,0.0,0.0
66,0.0,0.0,0.0
67,30.0,30.0,30.0
68,0.0,0.0,0.0
69,0.0,0.0,0.0
70,0.0,0.0,0.0
71,0.0,0.0,0.0
72,0.0,0.0,0.0
73,0.0,0.0,0.0
74,20.0,20.0,20.0
75,40.0,40.0,40.0
76,50.0,50.0,50.0
77,0.0,0.0,0.0
78,0.0,0.0,0.0
79,0.0,0.0,0.0
80,0.0,0.0,0.0
81,0.0,0.0,0.0
82,0.0,0.0,0.0
83,0.0,0.0,0.0
84,0.0,0.0,0.0
85,0.0,0.0,0.0
86,0.0,0.0,0.0
87,10.0,10.0,10.0
88,0.0,0.0,0.0
89,0.0,0.0,0.0
90,0.0,0.0,0.0
91,0.0,0.0,0.0
92,0.0,0.0,0.0
93,40.0,40.0,40.0
94,30.0,30.0,30.0
95,0.0,0.0,0.0
96,0.0,0.0,0.0
97,0.0,0.0,0.0
98,0.0,0.0,0.0
99,0.0,0.0,0.0
100,60.0,60.0,60.0
101,0.0,0.0,0.0
102,0.0,0.0,0.0
103,0.0,0.0,0.0
104,60.0,60.0,60.0
105,50.0,50.0,50.0
106,20.0,20.0,20.0
107,0.0,0.0,0.0
108,0.0,0.0,0.0
109,0.0,0.0,0.0
110,0.0,0.0,0.0
111,30.0,30.0,30.0
112,30.0,30.0,30.0
113,0.0,0.0,0.0
114,40.0,40.0,40.0
115,20.0,20.0,20.0
116,0.0,0.0,0.0
117,20.0,20.0,20.0
118,0.0,0.0,0.0
119,20.0,20.0,20.0
120,20.0,20.0,20.0
121,0.0,0.0,0.0
122,0.0,0.0,0.0
123,50.0,50.0,50.0
124,30.0,30.0,30.0
125,0.0,0.0,0.0
126,0.0,0.0,0.0
127,60.0,60.0,60.0
128,80.0,80.0,80.0
129,60.0,60.0,60.0
130,0.0,0.0,0.0
131,20.0,20.0,20.0
132,50.0,50.0,50.0
133,0.0,0.0,0.0
134,40.0,40.0,40.0
135,20.0,20.0,20.0
136,0.0,0.0,0.0
137,10.0,10.0,10.0
138,20.0,20.0,20.0
139,80.0,80.0,80.0
140,60.0,60.0,60.0
141,0.0,0.0,0.0
142,0.0,0.0,0.0
143,40.0,40.0,40.0
144,30.0,30.0,30.0
145,0.0,0.0,0.0
146,0.0,0.0,0.0
147,0.0,0.0,0.0
148,20.0,20.0,20.0
149,30.0,30.0,30.0
150,0.0,0.0,0.0
151,0.0,0.0,0.0
152,0.0,0.0,0.0
153,20.0,20.0,20.0
154,60.0,60.0,60.0
155,0.0,0.0,0.0
156,0.0,0.0,0.0
157,0.0,0.0,0.0
158,30.0,30.0,30.0
159,0.0,0.0,0.0
160,40.0,40.0,40.0
161,0.0,0.0,0.0
162,0.0,0.0,0.0
163,0.0,0.0,0.0
164,30.0,30.0,30.0
165,0.0,0.0,0.0
166,30.0,30.0,30.0
167,0.0,0.0,0.0
168,20.0,20.0,20.0
169,0.0,0.0,0.0
170,40.0,40.0,40.0
171,30.0,30.0,30.0
172,0.0,0.0,0.0
173,30.0,30.0,30.0
174,30.0,30.0,30.0
175,30.0,30.0,30.0
176,20.0,20.0,20.0
177,10.0,10.0,10.0
178,0.0,0.0,0.0
179,0.0,0.0,0.0
180,30.0,30.0,30.0
181,30.0,30.0,30.0
182,20.0,20.0,20.0
183,10.0,10.0,10.0
184,10.0,10.0,10.0
185,20.0,20.0,20.0
186,90.0,90.0,90.0
187,0.0,0.0,0.0
188,0.0,0.0,0.0
189,40.0,40.0,40.0
190,50.0,50.0,50.0
191,0.0,0.0,0.0
192,60.0,60.0,60.0
193,0.0,0.0,0.0
194,0.0,0.0,0.0
195,0.0,0.0,0.0
196,10.0,10.0,10.0
197,30.0,30.0,30.0
198,50.0,50.0,50.0
199,0.0,0.0,0.0
200,20.0,20.0,20.0
201,20.0,20.0,20.0
202,0.0,0.0,0.0
203,60.0,60.0,60.0
204,80.0,80.0,80.0
205,30.0,30.0,30.0
206,60.0,60.0,60.0
207,30.0,30.0,30.0
208,0.0,0.0,0.0
209,0.0,0.0,0.0
210,30.0,30.0,30.0
211,60.0,60.0,60.0
212,50.0,50.0,50.0
213,0.0,0.0,0.0
214,0.0,0.0,0.0
215,0.0,0.0,0.0
216,0.0,0.0,0.0
217,40.0,40.0,40.0
218,10.0,10.0,10.0
219,0.0,0.0,0.0
220,40.0,40.0,40.0
221,0.0,0.0,0.0
222,20.0,20.0,20.0
223,30.0,30.0,30.0
224,20.0,20.0,20.0
225,30.0,30.0,30.0
226,60.0,60.0,60.0
227,0.0,0.0,0.0
228,0.0,0.0,0.0
229,50.0,50.0,50.0
230,0.0,0.0,0.0
231,0.0,0.0,0.0
232,30.0,30.0,30.0
233,40.0,40.0,40.0
234,0.0,0.0,0.0
235,30.0,30.0,30.0
236,50.0,50.0,50.0
237,0.0,0.0,0.0
238,0.0,0.0,0.0
239,70.0,70.0,70.0
240,0.0,0.0,0.0
241,20.0,20.0,20.0
242,0.0,0.0,0.0
243,60.0,60.0,60.0
244,20.0,20.0,20.0
245,20.0,20.0,20.0
246,0.0,0.0,0.0
247,40.0,40.0,40.0
248,30.0,30.0,30.0
249,30.0,30.0,30.0
250,80.0,80.0,80.0
251,30.0,30.0,30.0
252,20.0,20.0,20.0
253,80.0,80.0,80.0
254,50.0,50.0,50.0
255,0.0,0.0,0.0
256,0.0,0.0,0.0
257,30.0,30.0,30.0
258,30.0,30.0,30.0
259,80.0,80.0,80.0
260,70.0,70.0,70.0
261,0.0,0.0,0.0
262,160.0,160.0,160.0
263,30.0,30.0,30.0
264,120.0,120.0,120.0
265,80.0,80.0,80.0
266,110.0,110.0,110.0
267,50.0,50.0,50.0
268,0.0,0.0,0.0
269,20.0,20.0,20.0
270,0.0,0.0,0.0
271,0.0,0.0,0.0
272,0.0,0.0,0.0
273,0.0,0.0,0.0
274,0.0,0.0,0.0
275,60.0,60.0,60.0
276,0.0,0.0,0.0
277,90.0,90.0,90.0
278,90.0,90.0,90.0
279,70.0,70.0,70.0
280,120.0,120.0,120.0
281,0.0,0.0,0.0
282,120.0,120.0,120.0
283,20.0,20.0,20.0
284,50.0,50.0,50.0
285,0.0,0.0,0.0
286,50.0,50.0,50.0
287,0.0,0.0,0.0
288,50.0,50.0,50.0
289,60.0,60.0,60.0
290,70.0,70.0,70.0
291,30.0,30.0,30.0
292,50.0,50.0,50.0
293,0.0,0.0,0.0
294,0.0,0.0,0.0
295,20.0,20.0,20.0
296,30.0,30.0,30.0
297,0.0,0.0,0.0
298,30.0,30.0,30.0
299,80.0,80.0,80.0
300,20.0,20.0,20.0
301,0.0,0.0,0.0
302,110.0,110.0,110.0
303,40.0,40.0,40.0
304,0.0,0.0,0.0
305,90.0,90.0,90.0
306,30.0,30.0,30.0
307,60.0,60.0,60.0
308,0.0,0.0,0.0
309,0.0,0.0,0.0
310,0.0,0.0,0.0
311,0.0,0.0,0.0
312,50.0,50.0,50.0
313,50.0,50.0,50.0
314,20.0,20.0,20.0
315,80.0,80.0,80.0
316,20.0,20.0,20.0
317,170.0,170.0,170.0
318,60.0,60.0,60.0
319,0.0,0.0,0.0
320,60.0,60.0,60.0
321,30.0,30.0,30.0
322,20.0,20.0,20.0
323,30.0,30.0,30.0
324,110.0,110.0,110.0
325,50.0,50.0,50.0
326,90.0,90.0,90.0
327,50.0,50.0,50.0
328,30.0,30.0,30.0
329,30.0,30.0,30.0
330,110.0,110.0,110.0
331,70.0,70.0,70.0
332,60.0,60.0,60.0
333,70.0,70.0,70.0
334,90.0,90.0,90.0
335,70.0,70.0,70.0
336,10.0,10.0,10.0
337,40.0,40.0,40.0
338,50.0,50.0,50.0
339,30.0,30.0,30.0
340,30.0,30.0,30.0
341,100.0,100.0,100.0
342,100.0,100.0,100.0
343,30.0,30.0,30.0
344,140.0,140.0,140.0
345,70.0,70.0,70.0
346,80.0,80.0,80.0
347,60.0,60.0,60.0
348,140.0,140.0,140.0
349,110.0,110.0,110.0
350,50.0,50.0,50.0
351,60.0,60.0,60.0
352,90.0,90.0,90.0
353,80.0,80.0,80.0
354,80.0,80.0,80.0
355,60.0,60.0,60.0
356,80.0,80.0,80.0
357,170.0,170.0,170.0
358,60.0,60.0,60.0
359,0.0,0.0,0.0
360,0.0,0.0,0.0
361,60.0,60.0,60.0
362,140.0,140.0,140.0
363,50.0,50.0,50.0
364,0.0,0.0,0.0
365,150.0,150.0,150.0
366,30.0,30.0,30.0
367,80.0,80.0,80.0
368,60.0,60.0,60.0
369,90.0,90.0,90.0
370,150.0,150.0,150.0
371,0.0,0.0,0.0
372,0.0,0.0,0.0
373,160.0,160.0,160.0
374,60.0,60.0,60.0
375,120.0,120.0,120.0
376,180.0,180.0,180.0
377,100.0,100.0,100.0
378,30.0,30.0,30.0
379,200.0,200.0,200.0
380,200.0,200.0,200.0
381,60.0,60.0,60.0
382,0.0,0.0,0.0
383,120.0,120.0,120.0
384,120.0,120.0,120.0
385,50.0,50.0,50.0
386,0.0,0.0,0.0
387,50.0,50.0,50.0
388,90.0,90.0,90.0
389,90.0,90.0,90.0
390,90.0,90.0,90.0
391,80.0,80.0,80.0
392,0.0,0.0,0.0
393,80.0,80.0,80.0
394,30.0,30.0,30.0
395,80.0,80.0,80.0
396,120.0,120.0,120.0
397,140.0,140.0,140.0
398,90.0,90.0,90.0
399,0.0,0.0,0.0
400,30.0,30.0,30.0
401,0.0,0.0,0.0
402,30.0,30.0,30.0
403,210.0,210.0,210.0
404,130.0,130.0,130.0
405,30.0,30.0,30.0
406,40.0,40.0,40.0
407,90.0,90.0,90.0
408,60.0,60.0,60.0
409,130.0,130.0,130.0
410,30.0,30.0,30.0
411,50.0,50.0,50.0
412,0.0,0.0,0.0
413,50.0,50.0,50.0
414,80.0,80.0,80.0
415,110.0,110.0,110.0
416,70.0,70.0,70.0
417,80.0,80.0,80.0
418,100.0,100.0,100.0
419,210.0,210.0,210.0
420,110.0,110.0,110.0
421,90.0,90.0,90.0
422,200.0,200.0,200.0
423,140.0,140.0,140.0
424,80.0,80.0,80.0
425,170.0,170.0,170.0
426,140.0,140.0,140.0
427,120.0,120.0,120.0
428,80.0,80.0,80.0
429,90.0,90.0,90.0
430,130.0,130.0,130.0
431,0.0,0.0,0.0
432,140.0,140.0,140.0
433,0.0,0.0,0.0
434,70.0,70.0,70.0
435,120.0,120.0,120.0
436,60.0,60.0,60.0
437,120.0,120.0,120.0
438,50.0,50.0,50.0
439,120.0,120.0,120.0
440,140.0,140.0,140.0
441,100.0,100.0,100.0
442,130.0,130.0,130.0
443,140.0,140.0,140.0
444,130.0,130.0,130.0
445,80.0,80.0,80.0
446,80.0,80.0,80.0
447,210.0,210.0,210.0
448,130.0,130.0,130.0
449,200.0,200.0,200.0
450,110.0,110.0,110.0
451,170.0,170.0,170.0
452,80.0,80.0,80.0
453,100.0,100.0,100.0
454,190.0,190.0,190.0
455,50.0,50.0,50.0
456,80.0,80.0,80.0
457,60.0,60.0,60.0
458,100.0,100.0,100.0
459,100.0,100.0,100.0
460,140.0,140.0,140.0
461,130.0,130.0,130.0
462,50.0,50.0,50.0
463,130.0,130.0,130.0
464,50.0,50.0,50.0
465,20.0,20.0,20.0
466,140.0,140.0,140.0
467,150.0,150.0,150.0
468,140.0,140.0,140.0
469,80.0,80.0,80.0
470,90.0,90.0,90.0
471,70.0,70.0,70.0
472,160.0,160.0,160.0
473,120.0,120.0,120.0
474,110.0,110.0,110.0
475,100.0,100.0,100.0
476,120.0,120.0,120.0
477,160.0,160.0,160.0
478,30.0,30.0,30.0
479,100.0,100.0,100.0
480,80.0,80.0,80.0
481,120.0,120.0,120.0
482,30.0,30.0,30.0
483,140.0,140.0,140.0
484,90.0,90.0,90.0
485,50.0,50.0,50.0
486,160.0,160.0,160.0
487,180.0,180.0,180.0
488,240.0,240.0,240.0
489,180.0,180.0,180.0
490,120.0,120.0,120.0
491,220.0,220.0,220.0
492,110.0,110.0,110.0
493,140.0,140.0,140.0
494,160.0,160.0,160.0
495,110.0,110.0,110.0
496,170.0,170.0,170.0
497,40.0,40.0,40.0
498,90.0,90.0,90.0
499,80.0,80.0,80.0
500,330.0,330.0,330.0
501,20.0,20.0,20.0
502,90.0,90.0,90.0
503,170.0,170.0,170.0
504,250.0,250.0,250.0
505,80.0,80.0,80.0
506,30.0,30.0,30.0
507,150.0,150.0,150.0
508,160.0,160.0,160.0
509,180.0,180.0,180.0
510,130.0,130.0,130.0
511,230.0,230.0,230.0
512,90.0,90.0,90.0
513,170.0,170.0,170.0
514,160.0,160.0,160.0
515,50.0,50.0,50.0
516,60.0,60.0,60.0
517,190.0,190.0,190.0
518,90.0,90.0,90.0
519,50.0,50.0,50.0
520,60.0,60.0,60.0
521,160.0,160.0,160.0
522,10.0,10.0,10.0
523,140.0,140.0,140.0
524,110.0,110.0,110.0
525,240.0,240.0,240.0
526,170.0,170.0,170.0
527,80.0,80.0,80.0
528,190.0,190.0,190.0
529,140.0,140.0,140.0
530,0.0,0.0,0.0
531,90.0,90.0,90.0
532,60.0,60.0,60.0
533,90.0,90.0,90.0
534,100.0,100.0,100.0
535,80.0,80.0,80.0
536,50.0,50.0,50.0
537,0.0,0.0,0.0
538,50.0,50.0,50.0
539,120.0,120.0,120.0
540,50.0,50.0,50.0
541,120.0,120.0,120.0
542,70.0,70.0,70.0
543,0.0,0.0,0.0
544,190.0,190.0,190.0
545,80.0,80.0,80.0
546,130.0,130.0,130.0
547,0.0,0.0,0.0
548,70.0,70.0,70.0
549,70.0,70.0,70.0
550,150.0,150.0,150.0
551,30.0,30.0,30.0
552,160.0,160.0,160.0
553,150.0,150.0,150.0
554,180.0,180.0,180.0
555,150.0,150.0,150.0
556,130.0,130.0,130.0
557,50.0,50.0,50.0
558,80.0,80.0,80.0
559,20.0,20.0,20.0
560,210.0,210.0,210.0
561,250.0,250.0,250.0
562,90.0,90.0,90.0
563,170.0,170.0,170.0
564,130.0,130.0,130.0
565,60.0,60.0,60.0
566,50.0,50.0,50.0
567,130.0,130.0,130.0
568,100.0,100.0,100.0
569,20.0,20.0,20.0
570,50.0,50.0,50.0
571,80.0,80.0,80.0
572,170.0,170.0,170.0
573,150.0,150.0,150.0
574,240.0,240.0,240.0
575,130.0,130.0,130.0
576,110.0,110.0,110.0
577,90.0,90.0,90.0
578,180.0,180.0,180.0
579,40.0,40.0,40.0
580,150.0,150.0,150.0
581,250.0,250.0,250.0
582,120.0,120.0,120.0
583,90.0,90.0,90.0
584,170.0,170.0,170.0
585,230.0,230.0,230.0
586,120.0,120.0,120.0
587,30.0,30.0,30.0
588,230.0,230.0,230.0
589,70.0,70.0,70.0
590,150.0,150.0,150.0
591,40.0,40.0,40.0
592,240.0,240.0,240.0
593,70.0,70.0,70.0
594,170.0,170.0,170.0
595,190.0,190.0,190.0
596,30.0,30.0,30.0
597,80.0,80.0,80.0
598,40.0,40.0,40.0
599,190.0,190.0,190.0
600,50.0,50.0,50.0
601,220.0,220.0,220.0
602,220.0,220.0,220.0
603,0.0,0.0,0.0
604,160.0,160.0,160.0
605,160.0,160.0,160.0
606,60.0,60.0,60.0
607,120.0,120.0,120.0
608,230.0,230.0,230.0
609,100.0,100.0,100.0
610,160.0,160.0,160.0
611,90.0,90.0,90.0
612,150.0,150.0,150.0
613,20.0,20.0,20.0
614,280.0,280.0,280.0
615,130.0,130.0,130.0
616,130.0,130.0,130.0
617,100.0,100.0,100.0
618,210.0,210.0,210.0
619,250.0,250.0,250.0
620,360.0,360.0,360.0
621,30.0,30.0,30.0
622,80.0,80.0,80.0
623,170.0,170.0,170.0
624,200.0,200.0,200.0
625,240.0,240.0,240.0
626,140.0,140.0,140.0
627,130.0,130.0,130.0
628,160.0,160.0,160.0
629,150.0,150.0,150.0
630,40.0,40.0,40.0
631,120.0,120.0,120.0
632,210.0,210.0,210.0
633,160.0,160.0,160.0
634,190.0,190.0,190.0
635,80.0,80.0,80.0
636,120.0,120.0,120.0
637,150.0,150.0,150.0
638,270.0,270.0,270.0
639,170.0,170.0,170.0
640,100.0,100.0,100.0
641,100.0,100.0,100.0
642,100.0,100.0,100.0
643,210.0,210.0,210.0
644,160.0,160.0,160.0
645,60.0,60.0,60.0
646,90.0,90.0,90.0
647,200.0,200.0,200.0
648,320.0,320.0,320.0
649,80.0,80.0,80.0
650,180.0,180.0,180.0
651,250.0,250.0,250.0
652,140.0,140.0,140.0
653,230.0,230.0,230.0
654,230.0,230.0,230.0
655,240.0,240.0,240.0
656,60.0,60.0,60.0
657,40.0,40.0,40.0
658,230.0,230.0,230.0
659,170.0,170.0,170.0
660,270.0,270.0,270.0
661,260.0,260.0,260.0
662,240.0,240.0,240.0
663,200.0,200.0,200.0
664,80.0,80.0,80.0
665,160.0,160.0,160.0
666,250.0,250.0,250.0
667,90.0,90.0,90.0
668,170.0,170.0,170.0
669,230.0,230.0,230.0
670,100.0,100.0,100.0
671,130.0,130.0,130.0
672,230.0,230.0,230.0
673,20.0,20.0,20.0
674,230.0,230.0,230.0
675,150.0,150.0,150.0
676,40.0,40.0,40.0
677,120.0,120.0,120.0
678,190.0,190.0,190.0
679,30.0,30.0,30.0
680,70.0,70.0,70.0
681,90.0,90.0,90.0
682,80.0,80.0,80.0
683,160.0,160.0,160.0
684,250.0,250.0,250.0
685,140.0,140.0,140.0
686,180.0,180.0,180.0
687,230.0,230.0,230.0
688,190.0,190.0,190.0
689,190.0,190.0,190.0
690,300.0,300.0,300.0
691,300.0,300.0,300.0
692,140.0,140.0,140.0
693,90.0,90.0,90.0
694,110.0,110.0,110.0
695,280.0,280.0,280.0
696,160.0,160.0,160.0
697,340.0,340.0,340.0
698,270.0,270.0,270.0
699,100.0,100.0,100.0
700,330.0,330.0,330.0
701,200.0,200.0,200.0
702,120.0,120.0,120.0
703,250.0,250.0,250.0
704,220.0,220.0,220.0
705,250.0,250.0,250.0
706,20.0,20.0,20.0
707,360.0,360.0,360.0
708,120.0,120.0,120.0
709,140.0,140.0,140.0
710,210.0,210.0,210.0
711,100.0,100.0,100.0
712,270.0,270.0,270.0
713,70.0,70.0,70.0
714,0.0,0.0,0.0
715,50.0,50.0,50.0
716,340.0,340.0,340.0
717,280.0,280.0,280.0
718,150.0,150.0,150.0
719,230.0,230.0,230.0
720,20.0,20.0,20.0
721,70.0,70.0,70.0
722,300.0,300.0,300.0
723,150.0,150.0,150.0
724,90.0,90.0,90.0
725,340.0,340.0,340.0
726,180.0,180.0,180.0
727,210.0,210.0,210.0
728,260.0,260.0,260.0
729,80.0,80.0,80.0
730,160.0,160.0,160.0
731,190.0,190.0,190.0
732,330.0,330.0,330.0
733,290.0,290.0,290.0
734,30.0,30.0,30.0
735,140.0,140.0,140.0
736,220.0,220.0,220.0
737,100.0,100.0,100.0
738,240.0,240.0,240.0
739,130.0,130.0,130.0
740,170.0,170.0,170.0
741,120.0,120.0,120.0
742,310.0,310.0,310.0
743,160.0,160.0,160.0
744,50.0,50.0,50.0
745,110.0,110.0,110.0
746,110.0,110.0,110.0
747,210.0,210.0,210.0
748,310.0,310.0,310.0
749,80.0,80.0,80.0
750,110.0,110.0,110.0
751,150.0,150.0,150.0
752,240.0,240.0,240.0
753,280.0,280.0,280.0
754,170.0,170.0,170.0
755,150.0,150.0,150.0
756,280.0,280.0,280.0
757,130.0,130.0,130.0
758,180.0,180.0,180.0
759,380.0,380.0,380.0
760,30.0,30.0,30.0
761,110.0,110.0,110.0
762,220.0,220.0,220.0
763,140.0,140.0,140.0
764,230.0,230.0,230.0
765,270.0,270.0,270.0
766,110.0,110.0,110.0
767,200.0,200.0,200.0
768,150.0,150.0,150.0
769,430.0,430.0,430.0
770,90.0,90.0,90.0
771,140.0,140.0,140.0
772,130.0,130.0,130.0
773,160.0,160.0,160.0
774,420.0,420.0,420.0
775,170.0,170.0,170.0
776,140.0,140.0,140.0
777,190.0,190.0,190.0
778,60.0,60.0,60.0
779,60.0,60.0,60.0
780,70.0,70.0,70.0
781,150.0,150.0,150.0
782,300.0,300.0,300.0
783,190.0,190.0,190.0
784,150.0,150.0,150.0
785,150.0,150.0,150.0
786,110.0,110.0,110.0
787,170.0,170.0,170.0
788,300.0,300.0,300.0
789,410.0,410.0,410.0
790,300.0,300.0,300.0
791,250.0,250.0,250.0
792,150.0,150.0,150.0
793,280.0,280.0,280.0
794,250.0,250.0,250.0
795,360.0,360.0,360.0
796,260.0,260.0,260.0
797,130.0,130.0,130.0
798,120.0,120.0,120.0
799,130.0,130.0,130.0
800,190.0,190.0,190.0
801,340.0,340.0,340.0
802,230.0,230.0,230.0
803,150.0,150.0,150.0
804,410.0,410.0,410.0
805,300.0,300.0,300.0
806,270.0,270.0,270.0
807,440.0,440.0,440.0
808,310.0,310.0,310.0
809,180.0,180.0,180.0
810,130.0,130.0,130.0
811,280.0,280.0,280.0
812,320.0,320.0,320.0
813,340.0,340.0,340.0
814,360.0,360.0,360.0
815,360.0,360.0,360.0
816,330.0,330.0,330.0
817,130.0,130.0,130.0
818,300.0,300.0,300.0
819,320.0,320.0,320.0
820,290.0,290.0,290.0
821,280.0,280.0,280.0
822,300.0,300.0,300.0
823,190.0,190.0,190.0
824,190.0,190.0,190.0
825,130.0,130.0,130.0
826,70.0,70.0,70.0
827,90.0,90.0,90.0
828,260.0,260.0,260.0
829,150.0,150.0,150.0
830,320.0,320.0,320.0
831,170.0,170.0,170.0
832,230.0,230.0,230.0
833,360.0,360.0,360.0
834,60.0,60.0,60.0
835,290.0,290.0,290.0
836,190.0,190.0,190.0
837,280.0,280.0,280.0
838,280.0,280.0,280.0
839,260.0,260.0,260.0
840,30.0,30.0,30.0
841,30.0,30.0,30.0
842,260.0,260.0,260.0
843,380.0,380.0,380.0
844,290.0,290.0,290.0
845,440.0,440.0,440.0
846,20.0,20.0,20.0
847,250.0,250.0,250.0
848,260.0,260.0,260.0
849,290.0,290.0,290.0
850,350.0,350.0,350.0
851,60.0,60.0,60.0
852,290.0,290.0,290.0
853,90.0,90.0,90.0
854,380.0,380.0,380.0
855,330.0,330.0,330.0
856,300.0,300.0,300.0
857,230.0,230.0,230.0
858,260.0,260.0,260.0
859,350.0,350.0,350.0
860,170.0,170.0,170.0
861,470.0,470.0,470.0
862,400.0,400.0,400.0
863,390.0,390.0,390.0
864,120.0,120.0,120.0
865,310.0,310.0,310.0
866,480.0,480.0,480.0
867,230.0,230.0,230.0
868,240.0,240.0,240.0
869,540.0,540.0,540.0
870,150.0,150.0,150.0
871,250.0,250.0,250.0
872,280.0,280.0,280.0
873,240.0,240.0,240.0
874,260.0,260.0,260.0
875,360.0,360.0,360.0
876,230.0,230.0,230.0
877,320.0,320.0,320.0
878,240.0,240.0,240.0
879,250.0,250.0,250.0
880,280.0,280.0,280.0
881,490.0,490.0,490.0
882,270.0,270.0,270.0
883,160.0,160.0,160.0
884,280.0,280.0,280.0
885,260.0,260.0,260.0
886,210.0,210.0,210.0
887,140.0,140.0,140.0
888,450.0,450.0,450.0
889,220.0,220.0,220.0
890,270.0,270.0,270.0
891,280.0,280.0,280.0
892,380.0,380.0,380.0
893,330.0,330.0,330.0
894,120.0,120.0,120.0
895,320.0,320.0,320.0
896,260.0,260.0,260.0
897,230.0,230.0,230.0
898,310.0,310.0,310.0
899,70.0,70.0,70.0
900,330.0,330.0,330.0
901,410.0,410.0,410.0
902,410.0,410.0,410.0
903,190.0,190.0,190.0
904,410.0,410.0,410.0
905,440.0,440.0,440.0
906,250.0,250.0,250.0
907,180.0,180.0,180.0
908,220.0,220.0,220.0
909,320.0,320.0,320.0
910,150.0,150.0,150.0
911,370.0,370.0,370.0
912,290.0,290.0,290.0
913,210.0,210.0,210.0
914,180.0,180.0,180.0
915,100.0,100.0,100.0
916,300.0,300.0,300.0
917,210.0,210.0,210.0
918,150.0,150.0,150.0
919,300.0,300.0,300.0
920,360.0,360.0,360.0
921,150.0,150.0,150.0
922,250.0,250.0,250.0
923,260.0,260.0,260.0
924,100.0,100.0,100.0
925,320.0,320.0,320.0
926,280.0,280.0,280.0
927,210.0,210.0,210.0
928,180.0,180.0,180.0
929,470.0,470.0,470.0
930,300.0,300.0,300.0
931,260.0,260.0,260.0
932,170.0,170.0,170.0
933,400.0,400.0,400.0
934,310.0,310.0,310.0
935,200.0,200.0,200.0
936,400.0,400.0,400.0
937,250.0,250.0,250.0
938,250.0,250.0,250.0
939,240.0,240.0,240.0
940,160.0,160.0,160.0
941,150.0,150.0,150.0
942,190.0,190.0,190.0
943,130.0,130.0,130.0
944,460.0,460.0,460.0
945,140.0,140.0,140.0
946,130.0,130.0,130.0
947,280.0,280.0,280.0
948,300.0,300.0,300.0
949,380.0,380.0,380.0
950,490.0,490.0,490.0
951,190.0,190.0,190.0
952,290.0,290.0,290.0
953,290.0,290.0,290.0
954,410.0,410.0,410.0
955,250.0,250.0,250.0
956,360.0,360.0,360.0
957,330.0,330.0,330.0
958,200.0,200.0,200.0
959,410.0,410.0,410.0
960,200.0,200.0,200.0
961,160.0,160.0,160.0
962,240.0,240.0,240.0
963,370.0,370.0,370.0
964,400.0,400.0,400.0
965,310.0,310.0,310.0
966,170.0,170.0,170.0
967,250.0,250.0,250.0
968,330.0,330.0,330.0
969,350.0,350.0,350.0
970,270.0,270.0,270.0
971,190.0,190.0,190.0
972,170.0,170.0,170.0
973,420.0,420.0,420.0
974,280.0,280.0,280.0
975,460.0,460.0,460.0
976,260.0,260.0,260.0
977,320.0,320.0,320.0
978,170.0,170.0,170.0
979,300.0,300.0,300.0
980,250.0,250.0,250.0
981,180.0,180.0,180.0
982,230.0,230.0,230.0
983,70.0,70.0,70.0
984,390.0,390.0,390.0
985,370.0,370.0,370.0
986,130.0,130.0,130.0
987,160.0,160.0,160.0
988,240.0,240.0,240.0
989,330.0,330.0,330.0
990,390.0,390.0,390.0
991,310.0,310.0,310.0
992,310.0,310.0,310.0
993,180.0,180.0,180.0
994,450.0,450.0,450.0
995,60.0,60.0,60.0
996,60.0,60.0,60.0
997,330.0,330.0,330.0
998,210.0,210.0,210.0
999,270.0,270.0,270.0
1000,120.0,120.0,120.0
1001,170.0,170.0,170.0
1002,340.0,340.0,340.0
1003,450.0,450.0,450.0
1004,120.0,120.0,120.0
1005,280.0,280.0,280.0
1006,390.0,390.0,390.0
1007,320.0,320.0,320.0
1008,30.0,30.0,30.0
1009,270.0,270.0,270.0
1010,40.0,40.0,40.0
1011,250.0,250.0,250.0
1012,340.0,340.0,340.0
1013,240.0,240.0,240.0
1014,440.0,440.0,440.0
1015,360.0,360.0,360.0
1016,470.0,470.0,470.0
1017,340.0,340.0,340.0
1018,230.0,230.0,230.0
1019,270.0,270.0,270.0
1020,220.0,220.0,220.0
1021,290.0,290.0,290.0
1022,290.0,290.0,290.0
1023,300.0,300.0,300.0
1024,360.0,360.0,360.0
1025,360.0,360.0,360.0
1026,200.0,200.0,200.0
1027,180.0,180.0,180.0
1028,360.0,360.0,360.0
1029,190.0,190.0,190.0
1030,300.0,300.0,300.0
1031,80.0,80.0,80.0
1032,370.0,370.0,370.0
1033,440.0,440.0,440.0
1034,260.0,260.0,260.0
1035,360.0,360.0,360.0
1036,480.0,480.0,480.0
1037,250.0,250.0,250.0
1038,340.0,340.0,340.0
1039,410.0,410.0,410.0
1040,230.0,230.0,230.0
1041,410.0,410.0,410.0
1042,40.0,40.0,40.0
1043,270.0,270.0,270.0
1044,310.0,310.0,310.0
1045,360.0,360.0,360.0
1046,380.0,380.0,380.0
1047,240.0,240.0,240.0
1048,360.0,360.0,360.0
1049,180.0,180.0,180.0
1050,110.0,110.0,110.0
1051,370.0,370.0,370.0
1052,210.0,210.0,210.0
1053,290.0,290.0,290.0
1054,290.0,290.0,290.0
1055,400.0,400.0,400.0
1056,500.0,500.0,500.0
1057,400.0,400.0,400.0
1058,240.0,240.0,240.0
1059,170.0,170.0,170.0
1060,410.0,410.0,410.0
1061,370.0,370.0,370.0
1062,320.0,320.0,320.0
1063,180.0,180.0,180.0
1064,430.0,430.0,430.0
1065,400.0,400.0,400.0
1066,220.0,220.0,220.0
1067,430.0,430.0,430.0
1068,200.0,200.0,200.0
1069,150.0,150.0,150.0
1070,310.0,310.0,310.0
1071,380.0,380.0,380.0
1072,190.0,190.0,190.0
1073,430.0,430.0,430.0
1074,380.0,380.0,380.0
1075,510.0,510.0,510.0
1076,340.0,340.0,340.0
1077,440.0,440.0,440.0
1078,290.0,290.0,290.0
1079,210.0,210.0,210.0
1080,230.0,230.0,230.0
1081,260.0,260.0,260.0
1082,450.0,450.0,450.0
1083,520.0,520.0,520.0
1084,220.0,220.0,220.0
1085,240.0,240.0,240.0
1086,390.0,390.0,390.0
1087,260.0,260.0,260.0
1088,410.0,410.0,410.0
1089,450.0,450.0,450.0
1090,240.0,240.0,240.0
1091,400.0,400.0,400.0
1092,250.0,250.0,250.0
1093,280.0,280.0,280.0
1094,500.0,500.0,500.0
1095,190.0,190.0,190.0
1096,230.0,230.0,230.0
1097,330.0,330.0,330.0
1098,640.0,640.0,640.0
1099,280.0,280.0,280.0
1100,150.0,150.0,150.0
1101,380.0,380.0,380.0
1102,450.0,450.0,450.0
1103,670.0,670.0,670.0
1104,240.0,240.0,240.0
1105,340.0,340.0,340.0
1106,260.0,260.0,260.0
1107,450.0,450.0,450.0
1108,460.0,460.0,460.0
1109,270.0,270.0,270.0
1110,520.0,520.0,520.0
1111,180.0,180.0,180.0
1112,550.0,550.0,550.0
1113,390.0,390.0,390.0
1114,300.0,300.0,300.0
1115,330.0,330.0,330.0
1116,160.0,160.0,160.0
1117,310.0,310.0,310.0
1118,470.0,470.0,470.0
1119,500.0,500.0,500.0
1120,360.0,360.0,360.0
1121,240.0,240.0,240.0
1122,280.0,280.0,280.0
1123,310.0,310.0,310.0
1124,350.0,350.0,350.0
1125,200.0,200.0,200.0
1126,240.0,240.0,240.0
1127,390.0,390.0,390.0
1128,160.0,160.0,160.0
1129,450.0,450.0,450.0
1130,290.0,290.0,290.0
1131,370.0,370.0,370.0
1132,440.0,440.0,440.0
1133,310.0,310.0,310.0
1134,160.0,160.0,160.0
1135,420.0,420.0,420.0
1136,410.0,410.0,410.0
1137,70.0,70.0,70.0
1138,390.0,390.0,390.0
1139,490.0,490.0,490.0
1140,430.0,430.0,430.0
1141,330.0,330.0,330.0
1142,330.0,330.0,330.0
1143,260.0,260.0,260.0
1144,300.0,300.0,300.0
1145,350.0,350.0,350.0
1146,120.0,120.0,120.0
1147,310.0,310.0,310.0
1148,320.0,320.0,320.0
1149,330.0,330.0,330.0
1150,360.0,360.0,360.0
1151,60.0,60.0,60.0
1152,360.0,360.0,360.0
1153,520.0,520.0,520.0
1154,410.0,410.0,410.0
1155,180.0,180.0,180.0
1156,300.0,300.0,300.0
1157,230.0,230.0,230.0
1158,230.0,230.0,230.0
1159,360.0,360.0,360.0
1160,480.0,480.0,480.0
1161,390.0,390.0,390.0
1162,480.0,480.0,480.0
1163,50.0,50.0,50.0
1164,540.0,540.0,540.0
1165,120.0,120.0,120.0
1166,490.0,490.0,490.0
1167,370.0,370.0,370.0
1168,270.0,270.0,270.0
1169,360.0,360.0,360.0
1170,460.0,460.0,460.0
1171,400.0,400.0,400.0
1172,490.0,490.0,490.0
1173,430.0,430.0,430.0
1174,440.0,440.0,440.0
1175,350.0,350.0,350.0
1176,390.0,390.0,390.0
1177,410.0,410.0,410.0
1178,380.0,380.0,380.0
1179,480.0,480.0,480.0
1180,360.0,360.0,360.0
1181,300.0,300.0,300.0
1182,370.0,370.0,370.0
1183,330.0,330.0,330.0
1184,580.0,580.0,580.0
1185,350.0,350.0,350.0
1186,360.0,360.0,360.0
1187,360.0,360.0,360.0
1188,380.0,380.0,380.0
1189,380.0,380.0,380.0
1190,360.0,360.0,360.0
1191,560.0,560.0,560.0
1192,460.0,460.0,460.0
1193,180.0,180.0,180.0
1194,190.0,190.0,190.0
1195,410.0,410.0,410.0
1196,250.0,250.0,250.0
1197,390.0,390.0,390.0
1198,490.0,490.0,490.0
1199,250.0,250.0,250.0
1200,350.0,350.0,350.0
1201,270.0,270.0,270.0
1202,470.0,470.0,470.0
1203,390.0,390.0,390.0
1204,400.0,400.0,400.0
1205,150.0,150.0,150.0
1206,440.0,440.0,440.0
1207,700.0,700.0,700.0
1208,500.0,500.0,500.0
1209,150.0,150.0,150.0
1210,280.0,280.0,280.0
1211,470.0,470.0,470.0
1212,370.0,370.0,370.0
1213,550.0,550.0,550.0
1214,470.0,470.0,470.0
1215,310.0,310.0,310.0
1216,450.0,450.0,450.0
1217,270.0,270.0,270.0
1218,450.0,450.0,450.0
1219,300.0,300.0,300.0
1220,440.0,440.0,440.0
1221,420.0,420.0,420.0
1222,420.0,420.0,420.0
1223,370.0,370.0,370.0
1224,480.0,480.0,480.0
1225,160.0,160.0,160.0
1226,330.0,330.0,330.0
1227,360.0,360.0,360.0
1228,340.0,340.0,340.0
1229,310.0,310.0,310.0
1230,500.0,500.0,500.0
1231,540.0,540.0,540.0
1232,570.0,570.0,570.0
1233,160.0,160.0,160.0
1234,520.0,520.0,520.0
1235,380.0,380.0,380.0
1236,590.0,590.0,590.0
1237,360.0,360.0,360.0
1238,360.0,360.0,360.0
1239,480.0,480.0,480.0
1240,280.0,280.0,280.0
1241,390.0,390.0,390.0
1242,260.0,260.0,260.0
1243,540.0,540.0,540.0
1244,600.0,600.0,600.0
1245,410.0,410.0,410.0
1246,180.0,180.0,180.0
1247,560.0,560.0,560.0
1248,510.0,510.0,510.0
1249,260.0,260.0,260.0
1250,220.0,220.0,220.0
1251,470.0,470.0,470.0
1252,340.0,340.0,340.0
1253,330.0,330.0,330.0
1254,400.0,400.0,400.0
1255,320.0,320.0,320.0
1256,490.0,490.0,490.0
1257,280.0,280.0,280.0
1258,480.0,480.0,480.0
1259,430.0,430.0,430.0
1260,340.0,340.0,340.0
1261,540.0,540.0,540.0
1262,500.0,500.0,500.0
1263,370.0,370.0,370.0
1264,480.0,480.0,480.0
1265,740.0,740.0,740.0
1266,440.0,440.0,440.0
1267,350.0,350.0,350.0
1268,400.0,400.0,400.0
1269,110.0,110.0,110.0
1270,470.0,470.0,470.0
1271,490.0,490.0,490.0
1272,550.0,550.0,550.0
1273,420.0,420.0,420.0
1274,590.0,590.0,590.0
1275,480.0,480.0,480.0
1276,570.0,570.0,570.0
1277,480.0,480.0,480.0
1278,310.0,310.0,310.0
1279,420.0,420.0,420.0
1280,390.0,390.0,390.0
1281,540.0,540.0,540.0
1282,380.0,380.0,380.0
1283,280.0,280.0,280.0
1284,170.0,170.0,170.0
1285,420.0,420.0,420.0
1286,580.0,580.0,580.0
1287,220.0,220.0,220.0
1288,570.0,570.0,570.0
1289,400.0,400.0,400.0
1290,540.0,540.0,540.0
1291,220.0,220.0,220.0
1292,510.0,510.0,510.0
1293,300.0,300.0,300.0
1294,510.0,510.0,510.0
1295,530.0,530.0,530.0
1296,320.0,320.0,320.0
1297,530.0,530.0,530.0
1298,150.0,150.0,150.0
1299,520.0,520.0,520.0
1300,340.0,340.0,340.0
1301,520.0,520.0,520.0
1302,420.0,420.0,420.0
1303,420.0,420.0,420.0
1304,650.0,650.0,650.0
1305,280.0,280.0,280.0
1306,280.0,280.0,280.0
1307,370.0,370.0,370.0
1308,150.0,150.0,150.0
1309,480.0,480.0,480.0
1310,380.0,380.0,380.0
1311,380.0,380.0,380.0
1312,490.0,490.0,490.0
1313,390.0,390.0,390.0
1314,290.0,290.0,290.0
1315,540.0,540.0,540.0
1316,530.0,530.0,530.0
1317,280.0,280.0,280.0
1318,390.0,390.0,390.0
1319,460.0,460.0,460.0
1320,500.0,500.0,500.0
1321,450.0,450.0,450.0
1322,220.0,220.0,220.0
1323,390.0,390.0,390.0
1324,250.0,250.0,250.0
1325,560.0,560.0,560.0
1326,570.0,570.0,570.0
1327,390.0,390.0,390.0
1328,440.0,440.0,440.0
1329,540.0,540.0,540.0
1330,550.0,550.0,550.0
1331,430.0,430.0,430.0
1332,510.0,510.0,510.0
